"customer_id","CustomerName"
1,Bharat
2,Pearl
3,Jahan
4,Divsha
5,Kasheen
6,Hazel
7,Sonakshi
8,Aarushi
9,Jitesh
10,Yogesh
11,Anita
12,Shrichand
13,Mukesh
14,Vandana
15,Bhavna
16,Kanak
17,Sagar
18,Manju
19,Ramesh
20,Sarita
21,Deepak
22,Monisha
23,Atharv
24,Vini
25,Pinky
26,Bhishm
27,Hitika
28,Pooja
29,Hemant
30,Sahil
31,Ritu
32,Manish
33,Amit
34,Sanjay
35,Nidhi
36,Nishi
37,Ashmi
38,Parth
39,Lisha
40,Paridhi
41,Parishi
42,Ajay
43,Kirti
44,Mayank
45,Yaanvi
46,Sonal
47,Sharda
48,Aditya
49,Rachna
50,Chirag
51,Anurag
52,Tushina
53,Farah
54,Sabah
55,Nida
56,Priyanka
57,Tulika
58,Shefali
59,Sanskriti
60,Shruti
61,Subhashree
62,Sweta
63,Pournamasi
64,Pratyusmita
65,Chayanika
66,Tanvi
67,Anjali
68,Rhea
69,Piyali
70,Charika
71,Mitali
72,Akanksha
73,Arsheen
74,Mahima
75,Shreya
76,Chandni
77,Ekta
78,Bathina
79,Avni
80,Aayushi
81,Bhawna
82,Krutika
83,Samiksha
84,Sheetal
85,Sanjna
86,Swetha
87,Bhaggyasree
88,Gunjan
89,Akancha
90,Rashmi
91,Parna
92,Subhasmita
93,Suhani
94,Noopur
95,Vijay
96,Amisha
97,Kritika
98,Shubhi
99,Maithilee
100,Shaily
101,Riya
102,Shweta
103,Swetlana
104,Shivani
105,Kishwar
106,Aakanksha
107,Megha
108,Sakshi
109,Adhvaita
110,Raksha
111,Stuti
112,Srishti
113,Surabhi
114,Manshul
115,Namrata
116,Anchal
117,Inderpreet
118,Wale
119,Anisha
120,Kiran
121,Turumella
122,Ameesha
123,Madhulika
124,Rishabh
125,Akash
126,Anubhaw
127,Dhirajendu
128,Pranav
129,Arindam
130,Akshat
131,Shubham
132,Ayush
133,Daksh
134,Rane
135,Navdeep
136,Ashwin
137,Aman
138,Devendra
139,Kartik
140,Shivam
141,Harsh
142,Nitant
143,Priyanshu
144,Nishant
145,Vaibhav
146,Akshay
147,Shourya
148,Mohan
149,Mohit
150,Soumya
151,Anudeep
152,Noshiba
153,Sanjova
154,Meghana
155,Ashmeet
156,Shreyoshe
157,Surbhi
158,Vaibhavi
159,Sanjana
160,Snehal
161,Duhita
162,Mousam
163,Aditi
164,Savi
165,Teena
166,Rutuja
167,Shivangi
168,Rohit
169,Abhishek
170,Asish
171,Dinesh
172,Sajal
173,Avish
174,Siddharth
175,Sukant
176,Sukrith
177,Sauptik
178,Shishu
179,Divyansh
180,Ishit
181,Aryan
182,Yash
183,Shivanshu
184,Sudheer
185,Ankit
186,Dhanraj
187,Vipul
188,Apsingekar
189,Suman
190,Nripraj
191,Utsav
192,Kshitij
193,Hrisheekesh
194,Swapnil
195,Mane
196,Praneet
197,Sandeep
198,Ankur
199,Dheeraj
200,Tejas
201,Rohan
202,Shyam
203,Tanushree
204,Nikita
205,Apoorva
206,Aastha
207,Harshita
208,Krishna
209,Ananya
210,Moumita
211,Arti
212,Palak
213,Pranjali
214,Sneha
215,Ashvini
216,Mrunal
217,Swati
218,Snel
219,Soodesh
220,Aniket
221,K
222,Kushal
223,Soumyabrata
224,Gaurav
225,Abhijeet
226,Anand
227,Chikku
228,Aayush
229,Amol
230,Manibalan
231,Aromal
232,Arun
233,Komal
234,Vikash
235,Parakh
236,Gunjal
237,Saurabh
238,Divyeta
239,Divyeshkumar
240,Bhosale
241,Dashyam
242,Mrinal
243,Apoorv
244,Masurkar
245,Saptadeep
246,Sumeet
247,Shatayu
248,Brijesh
249,Vedant
250,Divyansha
251,Aashna
252,Monu
253,Sathya
254,Aishwarya
255,Suraj
256,Ishpreet
257,Amlan
258,Bhargav
259,Abhijit
260,Jaydeep
261,Pradeep
262,Sujay
263,Jay
264,Phalguni
265,Preksha
266,Geetanjali
267,Kajal
268,Sukruta
269,Utkarsh
270,Karandeep
271,Neha
272,Jayanti
273,Sandra
274,Akshata
275,Vishakha
276,Prajakta
277,Dipali
278,Smriti
279,Girase
280,Monica
281,Sidharth
282,Bhutekar
283,Shikhar
284,Rahul
285,Sudhir
286,Nikhil
287,Vineet
288,Vivek
289,Jaideep
290,Shardul
291,Syed
292,Mhatre
293,Chetan
294,Mukund
295,Shantanu
296,Jesal
297,Trupti
298,Aparajita
299,Muskan
300,Tejeswini
301,Pratiksha
302,Oshin
303,Saloni
304,Paromita
305,Shreyshi
306,Jesslyn
307,Seema
308,Manisha
309,Piyam
310,Parin
311,Amruta
312,Hemangi
313,Atul
314,Ginny
315,Manjiri
316,Nirja
317,Mugdha
318,Mansi
319,Harshal
320,Omkar
321,Yohann
322,Prashant
323,Anmol
324,Diwakar
325,Patil
326,Hitesh
327,Nandita
328,Parnavi
329,Arpita
330,Kalyani
331,Kartikay
332,Ankita
