"date_id","Order Date","day","month","month_name","quarter","year"
20180401,2018-04-01 00:00:00.000,1,4,April,Q2,2018
20180403,2018-04-03 00:00:00.000,3,4,April,Q2,2018
20180405,2018-04-05 00:00:00.000,5,4,April,Q2,2018
20180406,2018-04-06 00:00:00.000,6,4,April,Q2,2018
20180408,2018-04-08 00:00:00.000,8,4,April,Q2,2018
20180409,2018-04-09 00:00:00.000,9,4,April,Q2,2018
20180411,2018-04-11 00:00:00.000,11,4,April,Q2,2018
20180412,2018-04-12 00:00:00.000,12,4,April,Q2,2018
20180413,2018-04-13 00:00:00.000,13,4,April,Q2,2018
20180415,2018-04-15 00:00:00.000,15,4,April,Q2,2018
20180417,2018-04-17 00:00:00.000,17,4,April,Q2,2018
20180418,2018-04-18 00:00:00.000,18,4,April,Q2,2018
20180420,2018-04-20 00:00:00.000,20,4,April,Q2,2018
20180422,2018-04-22 00:00:00.000,22,4,April,Q2,2018
20180423,2018-04-23 00:00:00.000,23,4,April,Q2,2018
20180424,2018-04-24 00:00:00.000,24,4,April,Q2,2018
20180425,2018-04-25 00:00:00.000,25,4,April,Q2,2018
20180426,2018-04-26 00:00:00.000,26,4,April,Q2,2018
20180427,2018-04-27 00:00:00.000,27,4,April,Q2,2018
20180428,2018-04-28 00:00:00.000,28,4,April,Q2,2018
20180429,2018-04-29 00:00:00.000,29,4,April,Q2,2018
20180430,2018-04-30 00:00:00.000,30,4,April,Q2,2018
20180501,2018-05-01 00:00:00.000,1,5,May,Q2,2018
20180503,2018-05-03 00:00:00.000,3,5,May,Q2,2018
20180504,2018-05-04 00:00:00.000,4,5,May,Q2,2018
20180505,2018-05-05 00:00:00.000,5,5,May,Q2,2018
20180506,2018-05-06 00:00:00.000,6,5,May,Q2,2018
20180507,2018-05-07 00:00:00.000,7,5,May,Q2,2018
20180508,2018-05-08 00:00:00.000,8,5,May,Q2,2018
20180510,2018-05-10 00:00:00.000,10,5,May,Q2,2018
20180511,2018-05-11 00:00:00.000,11,5,May,Q2,2018
20180513,2018-05-13 00:00:00.000,13,5,May,Q2,2018
20180514,2018-05-14 00:00:00.000,14,5,May,Q2,2018
20180515,2018-05-15 00:00:00.000,15,5,May,Q2,2018
20180516,2018-05-16 00:00:00.000,16,5,May,Q2,2018
20180517,2018-05-17 00:00:00.000,17,5,May,Q2,2018
20180519,2018-05-19 00:00:00.000,19,5,May,Q2,2018
20180520,2018-05-20 00:00:00.000,20,5,May,Q2,2018
20180521,2018-05-21 00:00:00.000,21,5,May,Q2,2018
20180522,2018-05-22 00:00:00.000,22,5,May,Q2,2018
20180523,2018-05-23 00:00:00.000,23,5,May,Q2,2018
20180524,2018-05-24 00:00:00.000,24,5,May,Q2,2018
20180525,2018-05-25 00:00:00.000,25,5,May,Q2,2018
20180527,2018-05-27 00:00:00.000,27,5,May,Q2,2018
20180528,2018-05-28 00:00:00.000,28,5,May,Q2,2018
20180531,2018-05-31 00:00:00.000,31,5,May,Q2,2018
20180601,2018-06-01 00:00:00.000,1,6,June,Q2,2018
20180602,2018-06-02 00:00:00.000,2,6,June,Q2,2018
20180603,2018-06-03 00:00:00.000,3,6,June,Q2,2018
20180604,2018-06-04 00:00:00.000,4,6,June,Q2,2018
20180607,2018-06-07 00:00:00.000,7,6,June,Q2,2018
20180608,2018-06-08 00:00:00.000,8,6,June,Q2,2018
20180609,2018-06-09 00:00:00.000,9,6,June,Q2,2018
20180610,2018-06-10 00:00:00.000,10,6,June,Q2,2018
20180611,2018-06-11 00:00:00.000,11,6,June,Q2,2018
20180614,2018-06-14 00:00:00.000,14,6,June,Q2,2018
20180615,2018-06-15 00:00:00.000,15,6,June,Q2,2018
20180616,2018-06-16 00:00:00.000,16,6,June,Q2,2018
20180617,2018-06-17 00:00:00.000,17,6,June,Q2,2018
20180618,2018-06-18 00:00:00.000,18,6,June,Q2,2018
20180621,2018-06-21 00:00:00.000,21,6,June,Q2,2018
20180622,2018-06-22 00:00:00.000,22,6,June,Q2,2018
20180623,2018-06-23 00:00:00.000,23,6,June,Q2,2018
20180624,2018-06-24 00:00:00.000,24,6,June,Q2,2018
20180625,2018-06-25 00:00:00.000,25,6,June,Q2,2018
20180626,2018-06-26 00:00:00.000,26,6,June,Q2,2018
20180627,2018-06-27 00:00:00.000,27,6,June,Q2,2018
20180628,2018-06-28 00:00:00.000,28,6,June,Q2,2018
20180629,2018-06-29 00:00:00.000,29,6,June,Q2,2018
20180630,2018-06-30 00:00:00.000,30,6,June,Q2,2018
20180701,2018-07-01 00:00:00.000,1,7,July,Q3,2018
20180705,2018-07-05 00:00:00.000,5,7,July,Q3,2018
20180706,2018-07-06 00:00:00.000,6,7,July,Q3,2018
20180707,2018-07-07 00:00:00.000,7,7,July,Q3,2018
20180708,2018-07-08 00:00:00.000,8,7,July,Q3,2018
20180709,2018-07-09 00:00:00.000,9,7,July,Q3,2018
20180710,2018-07-10 00:00:00.000,10,7,July,Q3,2018
20180711,2018-07-11 00:00:00.000,11,7,July,Q3,2018
20180712,2018-07-12 00:00:00.000,12,7,July,Q3,2018
20180715,2018-07-15 00:00:00.000,15,7,July,Q3,2018
20180716,2018-07-16 00:00:00.000,16,7,July,Q3,2018
20180717,2018-07-17 00:00:00.000,17,7,July,Q3,2018
20180718,2018-07-18 00:00:00.000,18,7,July,Q3,2018
20180719,2018-07-19 00:00:00.000,19,7,July,Q3,2018
20180720,2018-07-20 00:00:00.000,20,7,July,Q3,2018
20180721,2018-07-21 00:00:00.000,21,7,July,Q3,2018
20180722,2018-07-22 00:00:00.000,22,7,July,Q3,2018
20180726,2018-07-26 00:00:00.000,26,7,July,Q3,2018
20180727,2018-07-27 00:00:00.000,27,7,July,Q3,2018
20180728,2018-07-28 00:00:00.000,28,7,July,Q3,2018
20180729,2018-07-29 00:00:00.000,29,7,July,Q3,2018
20180730,2018-07-30 00:00:00.000,30,7,July,Q3,2018
20180731,2018-07-31 00:00:00.000,31,7,July,Q3,2018
20180801,2018-08-01 00:00:00.000,1,8,August,Q3,2018
20180802,2018-08-02 00:00:00.000,2,8,August,Q3,2018
20180803,2018-08-03 00:00:00.000,3,8,August,Q3,2018
20180807,2018-08-07 00:00:00.000,7,8,August,Q3,2018
20180808,2018-08-08 00:00:00.000,8,8,August,Q3,2018
20180809,2018-08-09 00:00:00.000,9,8,August,Q3,2018
20180810,2018-08-10 00:00:00.000,10,8,August,Q3,2018
20180811,2018-08-11 00:00:00.000,11,8,August,Q3,2018
20180812,2018-08-12 00:00:00.000,12,8,August,Q3,2018
20180813,2018-08-13 00:00:00.000,13,8,August,Q3,2018
20180814,2018-08-14 00:00:00.000,14,8,August,Q3,2018
20180817,2018-08-17 00:00:00.000,17,8,August,Q3,2018
20180818,2018-08-18 00:00:00.000,18,8,August,Q3,2018
20180819,2018-08-19 00:00:00.000,19,8,August,Q3,2018
20180820,2018-08-20 00:00:00.000,20,8,August,Q3,2018
20180821,2018-08-21 00:00:00.000,21,8,August,Q3,2018
20180822,2018-08-22 00:00:00.000,22,8,August,Q3,2018
20180823,2018-08-23 00:00:00.000,23,8,August,Q3,2018
20180824,2018-08-24 00:00:00.000,24,8,August,Q3,2018
20180825,2018-08-25 00:00:00.000,25,8,August,Q3,2018
20180826,2018-08-26 00:00:00.000,26,8,August,Q3,2018
20180827,2018-08-27 00:00:00.000,27,8,August,Q3,2018
20180828,2018-08-28 00:00:00.000,28,8,August,Q3,2018
20180829,2018-08-29 00:00:00.000,29,8,August,Q3,2018
20180830,2018-08-30 00:00:00.000,30,8,August,Q3,2018
20180831,2018-08-31 00:00:00.000,31,8,August,Q3,2018
20180901,2018-09-01 00:00:00.000,1,9,September,Q3,2018
20180902,2018-09-02 00:00:00.000,2,9,September,Q3,2018
20180906,2018-09-06 00:00:00.000,6,9,September,Q3,2018
20180907,2018-09-07 00:00:00.000,7,9,September,Q3,2018
20180908,2018-09-08 00:00:00.000,8,9,September,Q3,2018
20180909,2018-09-09 00:00:00.000,9,9,September,Q3,2018
20180910,2018-09-10 00:00:00.000,10,9,September,Q3,2018
20180911,2018-09-11 00:00:00.000,11,9,September,Q3,2018
20180912,2018-09-12 00:00:00.000,12,9,September,Q3,2018
20180913,2018-09-13 00:00:00.000,13,9,September,Q3,2018
20180914,2018-09-14 00:00:00.000,14,9,September,Q3,2018
20180915,2018-09-15 00:00:00.000,15,9,September,Q3,2018
20180919,2018-09-19 00:00:00.000,19,9,September,Q3,2018
20180920,2018-09-20 00:00:00.000,20,9,September,Q3,2018
20180921,2018-09-21 00:00:00.000,21,9,September,Q3,2018
20180922,2018-09-22 00:00:00.000,22,9,September,Q3,2018
20180923,2018-09-23 00:00:00.000,23,9,September,Q3,2018
20180924,2018-09-24 00:00:00.000,24,9,September,Q3,2018
20180930,2018-09-30 00:00:00.000,30,9,September,Q3,2018
20181001,2018-10-01 00:00:00.000,1,10,October,Q4,2018
20181005,2018-10-05 00:00:00.000,5,10,October,Q4,2018
20181006,2018-10-06 00:00:00.000,6,10,October,Q4,2018
20181007,2018-10-07 00:00:00.000,7,10,October,Q4,2018
20181008,2018-10-08 00:00:00.000,8,10,October,Q4,2018
20181009,2018-10-09 00:00:00.000,9,10,October,Q4,2018
20181010,2018-10-10 00:00:00.000,10,10,October,Q4,2018
20181012,2018-10-12 00:00:00.000,12,10,October,Q4,2018
20181013,2018-10-13 00:00:00.000,13,10,October,Q4,2018
20181014,2018-10-14 00:00:00.000,14,10,October,Q4,2018
20181015,2018-10-15 00:00:00.000,15,10,October,Q4,2018
20181016,2018-10-16 00:00:00.000,16,10,October,Q4,2018
20181018,2018-10-18 00:00:00.000,18,10,October,Q4,2018
20181020,2018-10-20 00:00:00.000,20,10,October,Q4,2018
20181021,2018-10-21 00:00:00.000,21,10,October,Q4,2018
20181022,2018-10-22 00:00:00.000,22,10,October,Q4,2018
20181023,2018-10-23 00:00:00.000,23,10,October,Q4,2018
20181024,2018-10-24 00:00:00.000,24,10,October,Q4,2018
20181025,2018-10-25 00:00:00.000,25,10,October,Q4,2018
20181026,2018-10-26 00:00:00.000,26,10,October,Q4,2018
20181027,2018-10-27 00:00:00.000,27,10,October,Q4,2018
20181028,2018-10-28 00:00:00.000,28,10,October,Q4,2018
20181029,2018-10-29 00:00:00.000,29,10,October,Q4,2018
20181030,2018-10-30 00:00:00.000,30,10,October,Q4,2018
20181031,2018-10-31 00:00:00.000,31,10,October,Q4,2018
20181101,2018-11-01 00:00:00.000,1,11,November,Q4,2018
20181102,2018-11-02 00:00:00.000,2,11,November,Q4,2018
20181103,2018-11-03 00:00:00.000,3,11,November,Q4,2018
20181104,2018-11-04 00:00:00.000,4,11,November,Q4,2018
20181105,2018-11-05 00:00:00.000,5,11,November,Q4,2018
20181106,2018-11-06 00:00:00.000,6,11,November,Q4,2018
20181107,2018-11-07 00:00:00.000,7,11,November,Q4,2018
20181108,2018-11-08 00:00:00.000,8,11,November,Q4,2018
20181110,2018-11-10 00:00:00.000,10,11,November,Q4,2018
20181113,2018-11-13 00:00:00.000,13,11,November,Q4,2018
20181114,2018-11-14 00:00:00.000,14,11,November,Q4,2018
20181115,2018-11-15 00:00:00.000,15,11,November,Q4,2018
20181116,2018-11-16 00:00:00.000,16,11,November,Q4,2018
20181117,2018-11-17 00:00:00.000,17,11,November,Q4,2018
20181118,2018-11-18 00:00:00.000,18,11,November,Q4,2018
20181119,2018-11-19 00:00:00.000,19,11,November,Q4,2018
20181120,2018-11-20 00:00:00.000,20,11,November,Q4,2018
20181121,2018-11-21 00:00:00.000,21,11,November,Q4,2018
20181122,2018-11-22 00:00:00.000,22,11,November,Q4,2018
20181123,2018-11-23 00:00:00.000,23,11,November,Q4,2018
20181124,2018-11-24 00:00:00.000,24,11,November,Q4,2018
20181125,2018-11-25 00:00:00.000,25,11,November,Q4,2018
20181126,2018-11-26 00:00:00.000,26,11,November,Q4,2018
20181127,2018-11-27 00:00:00.000,27,11,November,Q4,2018
20181128,2018-11-28 00:00:00.000,28,11,November,Q4,2018
20181201,2018-12-01 00:00:00.000,1,12,December,Q4,2018
20181202,2018-12-02 00:00:00.000,2,12,December,Q4,2018
20181203,2018-12-03 00:00:00.000,3,12,December,Q4,2018
20181204,2018-12-04 00:00:00.000,4,12,December,Q4,2018
20181205,2018-12-05 00:00:00.000,5,12,December,Q4,2018
20181206,2018-12-06 00:00:00.000,6,12,December,Q4,2018
20181207,2018-12-07 00:00:00.000,7,12,December,Q4,2018
20181208,2018-12-08 00:00:00.000,8,12,December,Q4,2018
20181209,2018-12-09 00:00:00.000,9,12,December,Q4,2018
20181210,2018-12-10 00:00:00.000,10,12,December,Q4,2018
20181211,2018-12-11 00:00:00.000,11,12,December,Q4,2018
20181212,2018-12-12 00:00:00.000,12,12,December,Q4,2018
20181213,2018-12-13 00:00:00.000,13,12,December,Q4,2018
20181214,2018-12-14 00:00:00.000,14,12,December,Q4,2018
20181215,2018-12-15 00:00:00.000,15,12,December,Q4,2018
20181216,2018-12-16 00:00:00.000,16,12,December,Q4,2018
20181217,2018-12-17 00:00:00.000,17,12,December,Q4,2018
20181218,2018-12-18 00:00:00.000,18,12,December,Q4,2018
20181219,2018-12-19 00:00:00.000,19,12,December,Q4,2018
20181220,2018-12-20 00:00:00.000,20,12,December,Q4,2018
20181221,2018-12-21 00:00:00.000,21,12,December,Q4,2018
20181222,2018-12-22 00:00:00.000,22,12,December,Q4,2018
20181223,2018-12-23 00:00:00.000,23,12,December,Q4,2018
20181224,2018-12-24 00:00:00.000,24,12,December,Q4,2018
20181225,2018-12-25 00:00:00.000,25,12,December,Q4,2018
20181226,2018-12-26 00:00:00.000,26,12,December,Q4,2018
20181227,2018-12-27 00:00:00.000,27,12,December,Q4,2018
20181228,2018-12-28 00:00:00.000,28,12,December,Q4,2018
20181229,2018-12-29 00:00:00.000,29,12,December,Q4,2018
20181230,2018-12-30 00:00:00.000,30,12,December,Q4,2018
20181231,2018-12-31 00:00:00.000,31,12,December,Q4,2018
20190101,2019-01-01 00:00:00.000,1,1,January,Q1,2019
20190102,2019-01-02 00:00:00.000,2,1,January,Q1,2019
20190103,2019-01-03 00:00:00.000,3,1,January,Q1,2019
20190104,2019-01-04 00:00:00.000,4,1,January,Q1,2019
20190105,2019-01-05 00:00:00.000,5,1,January,Q1,2019
20190106,2019-01-06 00:00:00.000,6,1,January,Q1,2019
20190107,2019-01-07 00:00:00.000,7,1,January,Q1,2019
20190108,2019-01-08 00:00:00.000,8,1,January,Q1,2019
20190109,2019-01-09 00:00:00.000,9,1,January,Q1,2019
20190110,2019-01-10 00:00:00.000,10,1,January,Q1,2019
20190111,2019-01-11 00:00:00.000,11,1,January,Q1,2019
20190112,2019-01-12 00:00:00.000,12,1,January,Q1,2019
20190113,2019-01-13 00:00:00.000,13,1,January,Q1,2019
20190114,2019-01-14 00:00:00.000,14,1,January,Q1,2019
20190116,2019-01-16 00:00:00.000,16,1,January,Q1,2019
20190117,2019-01-17 00:00:00.000,17,1,January,Q1,2019
20190118,2019-01-18 00:00:00.000,18,1,January,Q1,2019
20190119,2019-01-19 00:00:00.000,19,1,January,Q1,2019
20190120,2019-01-20 00:00:00.000,20,1,January,Q1,2019
20190121,2019-01-21 00:00:00.000,21,1,January,Q1,2019
20190122,2019-01-22 00:00:00.000,22,1,January,Q1,2019
20190123,2019-01-23 00:00:00.000,23,1,January,Q1,2019
20190124,2019-01-24 00:00:00.000,24,1,January,Q1,2019
20190125,2019-01-25 00:00:00.000,25,1,January,Q1,2019
20190127,2019-01-27 00:00:00.000,27,1,January,Q1,2019
20190128,2019-01-28 00:00:00.000,28,1,January,Q1,2019
20190129,2019-01-29 00:00:00.000,29,1,January,Q1,2019
20190130,2019-01-30 00:00:00.000,30,1,January,Q1,2019
20190131,2019-01-31 00:00:00.000,31,1,January,Q1,2019
20190201,2019-02-01 00:00:00.000,1,2,February,Q1,2019
20190202,2019-02-02 00:00:00.000,2,2,February,Q1,2019
20190203,2019-02-03 00:00:00.000,3,2,February,Q1,2019
20190204,2019-02-04 00:00:00.000,4,2,February,Q1,2019
20190205,2019-02-05 00:00:00.000,5,2,February,Q1,2019
20190206,2019-02-06 00:00:00.000,6,2,February,Q1,2019
20190207,2019-02-07 00:00:00.000,7,2,February,Q1,2019
20190208,2019-02-08 00:00:00.000,8,2,February,Q1,2019
20190209,2019-02-09 00:00:00.000,9,2,February,Q1,2019
20190210,2019-02-10 00:00:00.000,10,2,February,Q1,2019
20190211,2019-02-11 00:00:00.000,11,2,February,Q1,2019
20190212,2019-02-12 00:00:00.000,12,2,February,Q1,2019
20190213,2019-02-13 00:00:00.000,13,2,February,Q1,2019
20190214,2019-02-14 00:00:00.000,14,2,February,Q1,2019
20190215,2019-02-15 00:00:00.000,15,2,February,Q1,2019
20190216,2019-02-16 00:00:00.000,16,2,February,Q1,2019
20190217,2019-02-17 00:00:00.000,17,2,February,Q1,2019
20190218,2019-02-18 00:00:00.000,18,2,February,Q1,2019
20190219,2019-02-19 00:00:00.000,19,2,February,Q1,2019
20190220,2019-02-20 00:00:00.000,20,2,February,Q1,2019
20190221,2019-02-21 00:00:00.000,21,2,February,Q1,2019
20190222,2019-02-22 00:00:00.000,22,2,February,Q1,2019
20190223,2019-02-23 00:00:00.000,23,2,February,Q1,2019
20190224,2019-02-24 00:00:00.000,24,2,February,Q1,2019
20190225,2019-02-25 00:00:00.000,25,2,February,Q1,2019
20190226,2019-02-26 00:00:00.000,26,2,February,Q1,2019
20190227,2019-02-27 00:00:00.000,27,2,February,Q1,2019
20190228,2019-02-28 00:00:00.000,28,2,February,Q1,2019
20190301,2019-03-01 00:00:00.000,1,3,March,Q1,2019
20190302,2019-03-02 00:00:00.000,2,3,March,Q1,2019
20190303,2019-03-03 00:00:00.000,3,3,March,Q1,2019
20190304,2019-03-04 00:00:00.000,4,3,March,Q1,2019
20190305,2019-03-05 00:00:00.000,5,3,March,Q1,2019
20190306,2019-03-06 00:00:00.000,6,3,March,Q1,2019
20190307,2019-03-07 00:00:00.000,7,3,March,Q1,2019
20190308,2019-03-08 00:00:00.000,8,3,March,Q1,2019
20190309,2019-03-09 00:00:00.000,9,3,March,Q1,2019
20190310,2019-03-10 00:00:00.000,10,3,March,Q1,2019
20190311,2019-03-11 00:00:00.000,11,3,March,Q1,2019
20190312,2019-03-12 00:00:00.000,12,3,March,Q1,2019
20190313,2019-03-13 00:00:00.000,13,3,March,Q1,2019
20190314,2019-03-14 00:00:00.000,14,3,March,Q1,2019
20190315,2019-03-15 00:00:00.000,15,3,March,Q1,2019
20190316,2019-03-16 00:00:00.000,16,3,March,Q1,2019
20190317,2019-03-17 00:00:00.000,17,3,March,Q1,2019
20190318,2019-03-18 00:00:00.000,18,3,March,Q1,2019
20190319,2019-03-19 00:00:00.000,19,3,March,Q1,2019
20190320,2019-03-20 00:00:00.000,20,3,March,Q1,2019
20190321,2019-03-21 00:00:00.000,21,3,March,Q1,2019
20190322,2019-03-22 00:00:00.000,22,3,March,Q1,2019
20190323,2019-03-23 00:00:00.000,23,3,March,Q1,2019
20190324,2019-03-24 00:00:00.000,24,3,March,Q1,2019
20190325,2019-03-25 00:00:00.000,25,3,March,Q1,2019
20190326,2019-03-26 00:00:00.000,26,3,March,Q1,2019
20190327,2019-03-27 00:00:00.000,27,3,March,Q1,2019
20190328,2019-03-28 00:00:00.000,28,3,March,Q1,2019
20190329,2019-03-29 00:00:00.000,29,3,March,Q1,2019
20190330,2019-03-30 00:00:00.000,30,3,March,Q1,2019
20190331,2019-03-31 00:00:00.000,31,3,March,Q1,2019
