"location_id","State","City"
1,Gujarat,Ahmedabad
2,Maharashtra,Pune
3,Madhya Pradesh,Bhopal
4,Rajasthan,Jaipur
5,West Bengal,Kolkata
6,Karnataka,Bangalore
7,Jammu and Kashmir,Kashmir
8,Tamil Nadu,Chennai
9,Uttar Pradesh,Lucknow
10,Bihar,Patna
11,Kerala ,Thiruvananthapuram
12,Punjab,Chandigarh
13,Haryana,Chandigarh
14,Himachal Pradesh,Simla
15,Sikkim,Gangtok
16,Goa,Goa
17,Nagaland,Kohima
18,Andhra Pradesh,Hyderabad
19,Maharashtra,Mumbai
20,Madhya Pradesh,Indore
21,Gujarat,Surat
22,Rajasthan,Udaipur
23,Uttar Pradesh,Allahabad
24,Punjab,Amritsar
25,Delhi,Delhi
26,Madhya Pradesh,Delhi
