"date_id","category_id","target_amount"
20180401,2,12000.0
20180401,3,9000.0
20180401,1,10400.0
20180501,2,12000.0
20180501,3,9000.0
20180501,1,10500.0
20180601,2,12000.0
20180601,3,9000.0
20180601,1,10600.0
20180701,2,14000.0
20180701,3,9000.0
20180701,1,10800.0
20180801,2,14000.0
20180801,3,9000.0
20180801,1,10900.0
20180901,2,14000.0
20180901,3,9000.0
20180901,1,11000.0
20181001,2,16000.0
20181001,3,9000.0
20181001,1,11100.0
20181101,2,16000.0
20181101,3,9000.0
20181101,1,11300.0
20181201,2,16000.0
20181201,3,9000.0
20181201,1,11400.0
20190101,2,16000.0
20190101,3,16000.0
20190101,1,11500.0
20190201,2,16000.0
20190201,3,16000.0
20190201,1,11600.0
20190301,2,16000.0
20190301,3,16000.0
20190301,1,11800.0
