"order_id","date_id","customer_id","product_id","category_id","location_id","quantity","sales_amount","profit"
B-25601,20180401,1,1,1,1,7,1275.0,-1148.0
B-25601,20180401,1,2,2,1,5,66.0,-12.0
B-25601,20180401,1,3,2,1,3,8.0,-2.0
B-25601,20180401,1,4,3,1,4,80.0,-56.0
B-25602,20180401,2,5,3,2,2,168.0,-111.0
B-25602,20180401,2,5,3,2,5,424.0,-272.0
B-25602,20180401,2,5,3,2,4,2617.0,1151.0
B-25602,20180401,2,6,2,2,3,561.0,212.0
B-25602,20180401,2,6,2,2,8,119.0,-5.0
B-25603,20180403,3,7,2,3,5,1355.0,-60.0
B-25603,20180403,3,8,1,3,1,24.0,-30.0
B-25603,20180403,3,6,2,3,3,193.0,-166.0
B-25603,20180403,3,7,2,3,3,180.0,5.0
B-25603,20180403,3,2,2,3,4,116.0,16.0
B-25603,20180403,3,2,2,3,6,107.0,36.0
B-25603,20180403,3,3,2,3,2,12.0,1.0
B-25603,20180403,3,9,2,3,1,38.0,18.0
B-25604,20180403,4,10,2,4,2,65.0,17.0
B-25604,20180403,4,6,2,4,9,157.0,5.0
B-25605,20180405,5,6,2,5,7,75.0,0.0
B-25606,20180406,6,11,2,6,2,87.0,4.0
B-25607,20180406,7,12,2,7,4,50.0,15.0
B-25608,20180408,8,13,1,8,5,1364.0,-1864.0
B-25608,20180408,8,8,1,8,3,476.0,0.0
B-25608,20180408,8,3,2,8,5,257.0,23.0
B-25608,20180408,8,14,3,8,6,856.0,385.0
B-25609,20180409,9,4,3,9,4,485.0,29.0
B-25609,20180409,9,6,2,9,4,25.0,-5.0
B-25610,20180409,10,14,3,10,4,1076.0,-38.0
B-25610,20180409,10,2,2,10,4,107.0,-54.0
B-25610,20180409,10,15,3,10,5,68.0,-55.0
B-25610,20180409,10,14,3,10,6,781.0,-594.0
B-25610,20180409,10,6,2,10,3,43.0,0.0
B-25610,20180409,10,16,1,10,2,30.0,-5.0
B-25611,20180411,11,6,2,11,2,160.0,-59.0
B-25612,20180412,12,8,1,12,2,259.0,-55.0
B-25613,20180412,13,6,2,13,9,1603.0,0.0
B-25614,20180413,14,1,1,14,4,494.0,54.0
B-25614,20180413,14,4,3,14,2,98.0,-12.0
B-25615,20180415,15,3,2,15,5,68.0,20.0
B-25616,20180415,16,3,2,16,5,42.0,12.0
B-25616,20180415,16,2,2,16,5,116.0,-56.0
B-25616,20180415,16,3,2,16,3,22.0,-2.0
B-25616,20180415,16,3,2,16,3,14.0,-2.0
B-25617,20180417,17,4,3,17,5,305.0,-270.0
B-25618,20180418,18,1,1,18,1,362.0,127.0
B-25618,20180418,18,3,2,18,2,12.0,0.0
B-25619,20180418,19,6,2,1,8,353.0,90.0
B-25620,20180420,20,14,3,2,1,193.0,46.0
B-25621,20180420,21,4,3,3,5,233.0,-10.0
B-25621,20180420,21,4,3,3,3,228.0,63.0
B-25621,20180420,21,5,3,3,3,333.0,-15.0
B-25622,20180422,22,6,2,4,3,534.0,0.0
B-25623,20180422,23,2,2,5,4,53.0,1.0
B-25623,20180422,23,2,2,5,3,158.0,69.0
B-25623,20180422,23,6,2,5,4,149.0,-87.0
B-25623,20180422,23,2,2,5,2,105.0,20.0
B-25624,20180422,24,3,2,6,3,26.0,12.0
B-25625,20180423,25,3,2,7,2,97.0,29.0
B-25625,20180423,25,12,2,7,3,59.0,30.0
B-25625,20180423,25,6,2,7,5,635.0,-349.0
B-25626,20180423,26,5,3,19,1,46.0,-14.0
B-25626,20180423,26,8,1,19,3,1103.0,-276.0
B-25627,20180423,27,2,2,20,4,55.0,-39.0
B-25628,20180424,28,17,2,10,4,45.0,13.0
B-25628,20180424,28,6,2,10,4,24.0,-9.0
B-25628,20180424,28,16,1,10,2,35.0,-8.0
B-25629,20180424,29,7,2,11,3,1560.0,421.0
B-25630,20180424,30,2,2,12,5,133.0,12.0
B-25630,20180424,30,9,2,12,5,114.0,-39.0
B-25630,20180424,30,5,3,12,2,143.0,-129.0
B-25630,20180424,30,2,2,12,3,40.0,-7.0
B-25630,20180424,30,10,2,12,4,34.0,-22.0
B-25630,20180424,30,9,2,12,2,42.0,-26.0
B-25631,20180424,31,16,1,13,2,89.0,-89.0
B-25632,20180425,32,12,2,14,2,19.0,-2.0
B-25633,20180426,33,5,3,15,4,249.0,-130.0
B-25633,20180426,33,6,2,15,4,711.0,-8.0
B-25633,20180426,33,7,2,15,2,496.0,-79.0
B-25634,20180426,34,8,1,16,3,389.0,-83.0
B-25635,20180426,35,3,2,17,3,40.0,16.0
B-25635,20180426,35,17,2,17,2,23.0,2.0
B-25635,20180426,35,6,2,17,3,382.0,30.0
B-25636,20180426,36,6,2,19,5,637.0,113.0
B-25637,20180426,37,11,2,20,3,117.0,14.0
B-25638,20180426,38,1,1,2,3,182.0,-11.0
B-25638,20180426,38,16,1,2,8,880.0,97.0
B-25638,20180426,38,3,2,2,3,154.0,39.0
B-25638,20180426,38,14,3,2,3,816.0,-96.0
B-25639,20180427,39,5,3,3,3,1629.0,-153.0
B-25640,20180427,40,7,2,4,2,68.0,-62.0
B-25640,20180427,40,3,2,4,13,314.0,-239.0
B-25640,20180427,40,6,2,4,4,122.0,-47.0
B-25641,20180427,41,16,1,5,1,22.0,-6.0
B-25642,20180428,42,11,2,6,11,434.0,26.0
B-25643,20180429,43,1,1,7,8,1061.0,-36.0
B-25643,20180429,43,3,2,7,2,50.0,-44.0
B-25643,20180429,43,11,2,7,4,37.0,-23.0
B-25643,20180429,43,4,3,7,2,263.0,-63.0
B-25643,20180429,43,4,3,7,1,36.0,-7.0
B-25644,20180430,44,16,1,19,8,76.0,-92.0
B-25645,20180501,45,5,3,20,4,273.0,-87.0
B-25645,20180501,45,10,2,20,4,86.0,0.0
B-25645,20180501,45,14,3,20,1,133.0,-42.0
B-25645,20180501,45,5,3,20,5,183.0,-66.0
B-25646,20180501,46,6,2,10,2,20.0,-8.0
B-25647,20180503,47,6,2,11,4,42.0,-6.0
B-25648,20180504,48,5,3,12,1,100.0,-23.0
B-25648,20180504,48,10,2,12,1,30.0,13.0
B-25648,20180504,48,6,2,12,4,55.0,-26.0
B-25648,20180504,48,6,2,12,4,130.0,-41.0
B-25649,20180505,49,2,2,13,2,27.0,-25.0
B-25650,20180506,50,14,3,19,2,245.0,-78.0
B-25650,20180506,50,6,2,19,2,211.0,-105.0
B-25650,20180506,50,6,2,19,2,31.0,-2.0
B-25650,20180506,50,2,2,19,2,28.0,-26.0
B-25650,20180506,50,6,2,19,5,512.0,-225.0
B-25650,20180506,50,4,3,19,5,925.0,-447.0
B-25650,20180506,50,6,2,19,2,238.0,20.0
B-25650,20180506,50,5,3,19,8,351.0,-47.0
B-25650,20180506,50,7,2,19,3,269.0,111.0
B-25651,20180507,51,1,1,20,4,200.0,-60.0
B-25651,20180507,51,2,2,20,3,44.0,-8.0
B-25651,20180507,51,12,2,20,1,7.0,0.0
B-25651,20180507,51,17,2,20,2,11.0,-4.0
B-25651,20180507,51,10,2,20,2,16.0,-10.0
B-25651,20180507,51,8,1,20,3,172.0,-103.0
B-25651,20180507,51,11,2,20,1,49.0,3.0
B-25651,20180507,51,8,1,20,7,823.0,-18.0
B-25651,20180507,51,6,2,20,1,23.0,4.0
B-25651,20180507,51,6,2,20,4,457.0,-41.0
B-25652,20180508,52,17,2,16,7,24.0,-21.0
B-25652,20180508,52,3,2,16,5,25.0,-2.0
B-25652,20180508,52,15,3,16,3,174.0,-70.0
B-25652,20180508,52,6,2,16,3,206.0,-206.0
B-25652,20180508,52,12,2,16,3,21.0,-13.0
B-25652,20180508,52,12,2,16,4,34.0,-6.0
B-25652,20180508,52,3,2,16,2,9.0,-6.0
B-25653,20180508,53,14,3,17,8,1279.0,-640.0
B-25653,20180508,53,6,2,17,2,28.0,-3.0
B-25653,20180508,53,5,3,17,7,427.0,-50.0
B-25653,20180508,53,15,3,17,3,168.0,-10.0
B-25653,20180508,53,8,1,17,8,1327.0,318.0
B-25653,20180508,53,5,3,17,5,195.0,-117.0
B-25653,20180508,53,15,3,17,1,115.0,25.0
B-25653,20180508,53,14,3,17,3,668.0,-31.0
B-25653,20180508,53,15,3,17,8,227.0,102.0
B-25654,20180510,54,3,2,19,3,34.0,12.0
B-25654,20180510,54,6,2,19,2,229.0,-23.0
B-25654,20180510,54,6,2,19,3,54.0,-3.0
B-25654,20180510,54,4,3,19,2,269.0,-86.0
B-25654,20180510,54,16,1,19,3,122.0,-21.0
B-25654,20180510,54,2,2,19,2,105.0,46.0
B-25654,20180510,54,14,3,19,3,450.0,-90.0
B-25654,20180510,54,16,1,19,3,121.0,-17.0
B-25655,20180511,55,3,2,20,3,44.0,-26.0
B-25655,20180511,55,3,2,20,3,7.0,-4.0
B-25655,20180511,55,6,2,20,9,396.0,-31.0
B-25655,20180511,55,7,2,20,2,97.0,-62.0
B-25655,20180511,55,6,2,20,4,110.0,-68.0
B-25655,20180511,55,8,1,20,7,312.0,-312.0
B-25655,20180511,55,17,2,20,2,9.0,-6.0
B-25655,20180511,55,3,2,20,1,6.0,-3.0
B-25655,20180511,55,17,2,20,8,74.0,23.0
B-25656,20180511,56,6,2,2,3,534.0,0.0
B-25656,20180511,56,2,2,2,5,30.0,-5.0
B-25656,20180511,56,6,2,2,2,61.0,-23.0
B-25656,20180511,56,3,2,2,1,6.0,3.0
B-25656,20180511,56,3,2,2,2,24.0,-1.0
B-25656,20180511,56,3,2,2,2,56.0,18.0
B-25656,20180511,56,6,2,2,2,406.0,126.0
B-25656,20180511,56,4,3,2,2,624.0,37.0
B-25656,20180511,56,17,2,2,9,101.0,18.0
B-25656,20180511,56,6,2,2,7,1389.0,680.0
B-25656,20180511,56,14,3,2,5,651.0,169.0
B-25656,20180511,56,3,2,2,3,13.0,-1.0
B-25657,20180513,57,4,3,3,4,1021.0,-48.0
B-25657,20180513,57,6,2,3,5,32.0,-22.0
B-25657,20180513,57,5,3,3,6,332.0,-43.0
B-25657,20180513,57,8,1,3,4,288.0,-180.0
B-25658,20180514,58,10,2,4,2,27.0,9.0
B-25659,20180515,59,10,2,5,7,148.0,72.0
B-25660,20180516,60,6,2,6,3,245.0,-78.0
B-25661,20180517,61,3,2,7,3,19.0,-15.0
B-25661,20180517,61,8,1,7,3,224.0,-81.0
B-25661,20180517,61,8,1,7,2,58.0,-42.0
B-25661,20180517,61,8,1,7,5,145.0,-104.0
B-25661,20180517,61,8,1,7,2,55.0,-33.0
B-25661,20180517,61,3,2,7,2,7.0,-1.0
B-25662,20180517,62,10,2,19,2,24.0,-2.0
B-25662,20180517,62,4,3,19,1,86.0,-21.0
B-25662,20180517,62,16,1,19,11,385.0,-77.0
B-25663,20180519,63,14,3,20,2,294.0,138.0
B-25664,20180520,64,5,3,10,4,444.0,-200.0
B-25664,20180520,64,5,3,10,2,785.0,52.0
B-25664,20180520,64,5,3,10,2,258.0,-27.0
B-25664,20180520,64,1,1,10,1,83.0,-48.0
B-25665,20180521,65,15,3,11,4,166.0,-113.0
B-25666,20180522,66,4,3,12,7,934.0,-916.0
B-25667,20180523,67,3,2,13,4,11.0,-2.0
B-25667,20180523,67,17,2,13,5,41.0,6.0
B-25667,20180523,67,6,2,13,3,344.0,-34.0
B-25667,20180523,67,14,3,13,8,1030.0,206.0
B-25667,20180523,67,1,1,13,4,516.0,69.0
B-25668,20180524,68,16,1,14,3,123.0,17.0
B-25669,20180525,69,13,1,15,2,610.0,-66.0
B-25670,20180525,70,2,2,16,3,74.0,29.0
B-25670,20180525,70,3,2,16,2,24.0,1.0
B-25670,20180525,70,3,2,16,1,14.0,2.0
B-25670,20180525,70,1,1,16,2,656.0,-36.0
B-25671,20180527,71,7,2,17,3,832.0,0.0
B-25672,20180528,72,2,2,18,1,27.0,-15.0
B-25673,20180528,73,6,2,1,5,143.0,-124.0
B-25673,20180528,73,6,2,1,5,44.0,-17.0
B-25673,20180528,73,11,2,1,4,45.0,-2.0
B-25673,20180528,73,6,2,1,1,16.0,-1.0
B-25673,20180528,73,10,2,1,3,37.0,-5.0
B-25674,20180528,74,17,2,2,5,17.0,-12.0
B-25675,20180531,75,6,2,3,9,929.0,-93.0
B-25676,20180601,76,4,3,4,4,342.0,-103.0
B-25676,20180601,76,7,2,4,5,1263.0,-56.0
B-25676,20180601,76,13,1,4,2,674.0,-187.0
B-25676,20180601,76,11,2,4,3,32.0,6.0
B-25676,20180601,76,11,2,4,4,79.0,36.0
B-25677,20180602,77,15,3,5,1,20.0,-2.0
B-25678,20180603,78,6,2,6,3,64.0,-7.0
B-25678,20180603,78,17,2,6,2,7.0,-3.0
B-25678,20180603,78,5,3,6,1,327.0,-39.0
B-25678,20180603,78,11,2,6,2,27.0,-25.0
B-25679,20180604,79,6,2,19,1,76.0,-50.0
B-25680,20180604,80,6,2,20,3,73.0,-25.0
B-25681,20180604,81,15,3,20,3,68.0,-27.0
B-25681,20180604,81,7,2,20,7,523.0,204.0
B-25681,20180604,81,6,2,20,1,44.0,-3.0
B-25681,20180604,81,8,1,20,2,243.0,-14.0
B-25681,20180604,81,5,3,20,3,1625.0,-77.0
B-25681,20180604,81,4,3,20,7,1096.0,-658.0
B-25682,20180607,82,5,3,10,11,545.0,-73.0
B-25683,20180608,75,14,3,11,3,433.0,26.0
B-25683,20180608,75,5,3,11,4,245.0,-3.0
B-25683,20180608,75,16,1,11,3,155.0,56.0
B-25683,20180608,75,2,2,11,5,148.0,52.0
B-25683,20180608,75,6,2,11,6,86.0,-55.0
B-25684,20180609,83,8,1,19,2,134.0,42.0
B-25685,20180610,84,16,1,20,2,51.0,7.0
B-25685,20180610,84,5,3,20,3,529.0,137.0
B-25685,20180610,84,16,1,20,3,264.0,-30.0
B-25685,20180610,84,11,2,20,4,45.0,-2.0
B-25686,20180611,28,6,2,14,2,381.0,-13.0
B-25686,20180611,28,14,3,14,3,332.0,-503.0
B-25686,20180611,28,13,1,14,6,1829.0,-56.0
B-25687,20180611,85,2,2,19,1,17.0,6.0
B-25687,20180611,85,6,2,19,2,357.0,139.0
B-25687,20180611,85,10,2,19,3,51.0,21.0
B-25687,20180611,85,6,2,19,5,387.0,-213.0
B-25687,20180611,85,9,2,19,4,14.0,-1.0
B-25688,20180611,86,6,2,20,5,352.0,-345.0
B-25689,20180614,87,4,3,19,3,469.0,-459.0
B-25689,20180614,87,2,2,19,2,97.0,17.0
B-25689,20180614,87,2,2,19,3,149.0,36.0
B-25690,20180615,88,17,2,20,3,31.0,10.0
B-25691,20180616,89,6,2,19,4,714.0,56.0
B-25691,20180616,89,2,2,19,3,75.0,-25.0
B-25691,20180616,89,2,2,19,3,17.0,-9.0
B-25692,20180617,90,16,1,20,7,141.0,28.0
B-25693,20180618,91,3,2,3,9,76.0,-72.0
B-25693,20180618,91,6,2,3,6,632.0,-316.0
B-25693,20180618,91,6,2,3,6,32.0,-16.0
B-25693,20180618,91,5,3,3,1,68.0,-30.0
B-25693,20180618,91,10,2,3,5,82.0,-39.0
B-25693,20180618,91,5,3,3,1,72.0,-49.0
B-25693,20180618,91,17,2,3,2,13.0,-13.0
B-25694,20180618,92,10,2,4,7,167.0,43.0
B-25695,20180618,93,11,2,5,9,171.0,14.0
B-25696,20180621,94,5,3,6,3,117.0,-6.0
B-25696,20180621,94,6,2,6,1,116.0,-4.0
B-25696,20180621,94,14,3,6,3,887.0,80.0
B-25696,20180621,94,6,2,6,4,275.0,-275.0
B-25696,20180621,94,9,2,6,3,44.0,7.0
B-25696,20180621,94,6,2,6,3,168.0,-9.0
B-25697,20180622,95,15,3,7,3,114.0,8.0
B-25697,20180622,95,14,3,7,8,1300.0,-16.0
B-25697,20180622,95,17,2,7,1,4.0,-3.0
B-25697,20180622,95,5,3,7,1,73.0,-7.0
B-25697,20180622,95,2,2,7,3,67.0,-42.0
B-25697,20180622,95,14,3,7,5,322.0,-193.0
B-25697,20180622,95,7,2,7,3,115.0,-39.0
B-25698,20180623,96,9,2,8,5,87.0,-83.0
B-25698,20180623,96,3,2,8,4,27.0,-6.0
B-25698,20180623,96,6,2,8,3,207.0,-153.0
B-25698,20180623,96,8,1,8,8,516.0,-392.0
B-25698,20180623,96,3,2,8,1,7.0,-2.0
B-25698,20180623,96,5,3,8,2,65.0,-16.0
B-25699,20180624,97,16,1,9,1,20.0,-22.0
B-25699,20180624,97,2,2,9,2,49.0,-31.0
B-25699,20180624,97,12,2,9,5,34.0,-13.0
B-25699,20180624,97,15,3,9,1,21.0,-5.0
B-25700,20180625,98,11,2,19,5,129.0,-75.0
B-25700,20180625,98,2,2,19,3,44.0,-32.0
B-25700,20180625,98,3,2,19,2,7.0,-3.0
B-25701,20180626,99,17,2,20,2,10.0,-8.0
B-25701,20180626,99,11,2,20,3,33.0,-29.0
B-25701,20180626,99,8,1,20,2,98.0,-45.0
B-25701,20180626,99,3,2,20,5,33.0,-12.0
B-25702,20180627,100,11,2,19,3,75.0,0.0
B-25702,20180627,100,8,1,19,9,424.0,-17.0
B-25702,20180627,100,6,2,19,4,31.0,-3.0
B-25702,20180627,100,13,1,19,3,941.0,-203.0
B-25702,20180627,100,6,2,19,3,306.0,-147.0
B-25703,20180628,77,16,1,20,2,42.0,-23.0
B-25703,20180628,77,2,2,20,2,17.0,-3.0
B-25703,20180628,77,3,2,20,5,32.0,-5.0
B-25703,20180628,77,3,2,20,9,231.0,-190.0
B-25703,20180628,77,9,2,20,4,22.0,-15.0
B-25703,20180628,77,6,2,20,4,97.0,-45.0
B-25703,20180628,77,6,2,20,4,47.0,-27.0
B-25703,20180628,77,11,2,20,9,186.0,-141.0
B-25704,20180629,101,15,3,19,3,126.0,-63.0
B-25704,20180629,101,5,3,19,3,102.0,0.0
B-25705,20180630,102,4,3,20,2,46.0,0.0
B-25706,20180701,103,2,2,16,4,31.0,-11.0
B-25707,20180701,104,2,2,19,1,8.0,-6.0
B-25708,20180701,105,16,1,20,8,191.0,13.0
B-25708,20180701,105,5,3,20,5,709.0,-100.0
B-25708,20180701,105,2,2,20,7,81.0,-51.0
B-25708,20180701,105,2,2,20,2,32.0,-8.0
B-25709,20180701,106,6,2,20,7,33.0,-12.0
B-25709,20180701,106,8,1,20,1,41.0,-6.0
B-25710,20180705,107,16,1,2,6,216.0,-38.0
B-25710,20180705,107,16,1,2,7,616.0,-69.0
B-25710,20180705,107,12,2,2,1,10.0,-1.0
B-25710,20180705,107,17,2,2,4,25.0,0.0
B-25710,20180705,107,10,2,2,4,53.0,-18.0
B-25710,20180705,107,10,2,2,1,13.0,-8.0
B-25711,20180706,108,3,2,3,4,100.0,-58.0
B-25712,20180707,109,5,3,4,3,193.0,-275.0
B-25713,20180708,110,8,1,5,4,158.0,-63.0
B-25714,20180709,111,3,2,6,2,11.0,-5.0
B-25714,20180709,111,11,2,6,7,340.0,20.0
B-25715,20180710,112,5,3,7,3,416.0,137.0
B-25716,20180711,113,6,2,8,4,58.0,0.0
B-25717,20180712,114,6,2,9,3,561.0,212.0
B-25717,20180712,114,6,2,9,5,138.0,-3.0
B-25717,20180712,114,11,2,9,3,90.0,17.0
B-25717,20180712,114,8,1,9,2,55.0,-33.0
B-25718,20180712,67,1,1,19,1,371.0,115.0
B-25718,20180712,67,1,1,19,3,460.0,31.0
B-25719,20180712,90,2,2,20,2,29.0,10.0
B-25720,20180715,115,8,1,12,1,30.0,-35.0
B-25721,20180716,116,17,2,13,7,29.0,-18.0
B-25721,20180716,116,11,2,13,5,191.0,51.0
B-25721,20180716,116,5,3,13,2,149.0,-40.0
B-25722,20180717,117,2,2,14,8,48.0,-8.0
B-25723,20180718,118,2,2,19,1,26.0,-24.0
B-25723,20180718,118,2,2,19,2,16.0,-12.0
B-25723,20180718,118,12,2,19,2,12.0,-7.0
B-25723,20180718,118,4,3,19,3,76.0,-54.0
B-25724,20180719,84,1,1,20,2,168.0,-51.0
B-25725,20180720,119,3,2,17,7,23.0,-5.0
B-25725,20180720,119,2,2,17,2,26.0,-5.0
B-25725,20180720,119,4,3,17,4,144.0,-7.0
B-25726,20180721,120,1,1,19,8,490.0,-128.0
B-25727,20180722,121,12,2,20,6,57.0,-48.0
B-25727,20180722,121,7,2,20,4,327.0,114.0
B-25728,20180722,122,14,3,2,4,1055.0,264.0
B-25728,20180722,122,5,3,2,2,771.0,-424.0
B-25728,20180722,122,6,2,2,4,322.0,-113.0
B-25729,20180722,123,5,3,3,4,1549.0,-439.0
B-25730,20180722,124,5,3,4,3,1145.0,-706.0
B-25730,20180722,124,8,1,4,4,473.0,42.0
B-25730,20180722,124,2,2,4,5,96.0,22.0
B-25730,20180722,124,3,2,4,2,18.0,8.0
B-25730,20180722,124,15,3,4,4,187.0,30.0
B-25730,20180722,124,8,1,4,3,83.0,-81.0
B-25731,20180726,125,16,1,5,8,131.0,-154.0
B-25732,20180727,126,2,2,6,2,16.0,-5.0
B-25733,20180728,127,2,2,19,7,43.0,-43.0
B-25733,20180728,127,2,2,19,2,30.0,-10.0
B-25733,20180728,127,3,2,19,4,23.0,-6.0
B-25734,20180729,128,4,3,20,3,108.0,-19.0
B-25735,20180730,129,3,2,9,3,12.0,-2.0
B-25735,20180730,129,17,2,9,2,7.0,-1.0
B-25735,20180730,129,3,2,9,1,15.0,-7.0
B-25736,20180731,130,17,2,19,5,31.0,-7.0
B-25737,20180801,131,7,2,20,3,187.0,-15.0
B-25738,20180802,132,16,1,12,2,70.0,-14.0
B-25738,20180802,132,6,2,12,3,72.0,-6.0
B-25738,20180802,132,6,2,12,6,1069.0,0.0
B-25738,20180802,132,5,3,12,2,148.0,-91.0
B-25739,20180803,133,8,1,13,2,133.0,-56.0
B-25740,20180803,134,2,2,19,3,40.0,-37.0
B-25740,20180803,134,17,2,19,2,7.0,0.0
B-25740,20180803,134,6,2,19,2,58.0,-8.0
B-25741,20180803,135,4,3,20,7,482.0,-6.0
B-25742,20180803,136,17,2,16,2,11.0,-8.0
B-25743,20180807,137,6,2,17,5,143.0,-124.0
B-25743,20180807,137,6,2,17,1,9.0,-5.0
B-25743,20180807,137,7,2,17,2,503.0,-56.0
B-25743,20180807,137,2,2,17,3,74.0,-51.0
B-25743,20180807,137,3,2,17,4,56.0,0.0
B-25744,20180808,138,14,3,18,6,373.0,-254.0
B-25745,20180809,139,2,2,1,3,44.0,-8.0
B-25745,20180809,139,6,2,1,11,296.0,-225.0
B-25745,20180809,139,1,1,1,5,670.0,15.0
B-25745,20180809,139,16,1,1,5,132.0,-79.0
B-25746,20180810,140,6,2,2,2,87.0,16.0
B-25747,20180811,141,1,1,3,2,877.0,395.0
B-25748,20180812,142,11,2,4,4,141.0,10.0
B-25748,20180812,142,5,3,4,3,224.0,58.0
B-25748,20180812,142,12,2,4,2,8.0,-1.0
B-25748,20180812,142,4,3,4,2,47.0,-21.0
B-25749,20180813,132,1,1,19,3,1052.0,-82.0
B-25750,20180814,143,8,1,20,2,212.0,-24.0
B-25750,20180814,143,17,2,20,12,42.0,-15.0
B-25750,20180814,143,6,2,20,2,208.0,-25.0
B-25750,20180814,143,2,2,20,3,22.0,-12.0
B-25750,20180814,143,16,1,20,7,539.0,-146.0
B-25750,20180814,143,16,1,20,2,78.0,-6.0
B-25750,20180814,143,6,2,20,2,20.0,-18.0
B-25750,20180814,143,11,2,20,1,19.0,-1.0
B-25750,20180814,143,1,1,20,1,73.0,-31.0
B-25751,20180814,144,9,2,19,1,10.0,-8.0
B-25751,20180814,144,12,2,19,2,14.0,-3.0
B-25751,20180814,144,5,3,19,2,68.0,-56.0
B-25751,20180814,144,5,3,19,2,106.0,0.0
B-25751,20180814,144,6,2,19,2,43.0,-5.0
B-25751,20180814,144,11,2,19,3,43.0,21.0
B-25751,20180814,144,4,3,19,2,534.0,5.0
B-25751,20180814,144,3,2,19,3,32.0,7.0
B-25751,20180814,144,3,2,19,6,65.0,-4.0
B-25751,20180814,144,4,3,19,2,221.0,-15.0
B-25752,20180814,145,1,1,20,9,1361.0,197.0
B-25752,20180814,145,4,3,20,9,761.0,266.0
B-25752,20180814,145,2,2,20,5,76.0,27.0
B-25752,20180814,145,10,2,20,6,91.0,15.0
B-25752,20180814,145,3,2,20,2,8.0,-2.0
B-25752,20180814,145,14,3,20,6,735.0,-235.0
B-25752,20180814,145,8,1,20,1,33.0,-27.0
B-25753,20180817,140,9,2,9,5,62.0,-56.0
B-25753,20180817,140,3,2,9,2,27.0,-20.0
B-25753,20180817,140,15,3,9,3,65.0,-52.0
B-25753,20180817,140,16,1,9,5,47.0,-114.0
B-25753,20180817,140,7,2,9,6,341.0,-85.0
B-25753,20180817,140,10,2,9,5,107.0,31.0
B-25753,20180817,140,10,2,9,7,154.0,22.0
B-25753,20180817,140,15,3,9,6,620.0,82.0
B-25753,20180817,140,2,2,9,8,77.0,-43.0
B-25754,20180818,146,9,2,10,7,72.0,-46.0
B-25754,20180818,146,12,2,10,5,41.0,-14.0
B-25754,20180818,146,6,2,10,2,30.0,-23.0
B-25754,20180818,146,2,2,10,4,93.0,-65.0
B-25754,20180818,146,17,2,10,3,19.0,0.0
B-25754,20180818,146,17,2,10,3,9.0,-1.0
B-25754,20180818,146,6,2,10,5,319.0,-312.0
B-25754,20180818,146,14,3,10,2,262.0,-215.0
B-25755,20180819,147,6,2,11,3,37.0,-53.0
B-25755,20180819,147,1,1,11,2,257.0,-3.0
B-25755,20180819,147,2,2,11,5,80.0,-19.0
B-25755,20180819,147,6,2,11,5,321.0,-315.0
B-25755,20180819,147,2,2,11,2,47.0,-3.0
B-25755,20180819,147,1,1,11,4,593.0,213.0
B-25755,20180819,147,8,1,11,2,134.0,-34.0
B-25755,20180819,147,7,2,11,3,1709.0,564.0
B-25755,20180819,147,6,2,11,2,27.0,4.0
B-25756,20180820,148,5,3,19,4,465.0,-33.0
B-25756,20180820,148,14,3,19,2,643.0,-45.0
B-25756,20180820,148,1,1,19,3,204.0,-276.0
B-25756,20180820,148,1,1,19,5,729.0,-492.0
B-25756,20180820,148,12,2,19,4,29.0,-24.0
B-25757,20180821,149,17,2,20,4,17.0,-13.0
B-25757,20180821,149,10,2,20,5,34.0,-11.0
B-25757,20180821,149,16,1,20,2,98.0,9.0
B-25757,20180821,149,7,2,20,7,3151.0,-35.0
B-25757,20180821,149,2,2,20,2,53.0,15.0
B-25757,20180821,149,2,2,20,3,165.0,30.0
B-25757,20180821,149,2,2,20,8,211.0,19.0
B-25757,20180821,149,3,2,20,7,106.0,15.0
B-25757,20180821,149,3,2,20,1,14.0,5.0
B-25757,20180821,149,3,2,20,3,17.0,7.0
B-25757,20180821,149,17,2,20,5,46.0,14.0
B-25758,20180822,131,2,2,14,1,8.0,-2.0
B-25759,20180823,150,3,2,15,6,20.0,-9.0
B-25760,20180824,28,14,3,16,5,322.0,-193.0
B-25761,20180825,113,1,1,19,5,2188.0,1050.0
B-25761,20180825,113,4,3,19,3,328.0,-15.0
B-25761,20180825,113,5,3,19,7,418.0,70.0
B-25761,20180825,113,6,2,19,3,40.0,0.0
B-25761,20180825,113,6,2,19,1,102.0,-90.0
B-25761,20180825,113,4,3,19,9,263.0,-31.0
B-25762,20180826,151,4,3,20,7,1316.0,-527.0
B-25762,20180826,151,17,2,20,3,27.0,4.0
B-25762,20180826,151,6,2,20,2,98.0,-5.0
B-25763,20180827,152,8,1,1,3,58.0,-52.0
B-25764,20180828,153,10,2,2,5,119.0,43.0
B-25764,20180828,153,5,3,2,2,765.0,-153.0
B-25764,20180828,153,9,2,2,2,26.0,0.0
B-25764,20180828,153,6,2,2,2,24.0,-24.0
B-25765,20180829,154,2,2,3,3,139.0,14.0
B-25766,20180830,113,6,2,4,2,220.0,-19.0
B-25767,20180831,155,4,3,5,3,299.0,-28.0
B-25767,20180831,155,9,2,5,2,9.0,-9.0
B-25767,20180831,155,15,3,5,2,74.0,-59.0
B-25767,20180831,155,6,2,5,3,29.0,-3.0
B-25767,20180831,155,6,2,5,2,48.0,-22.0
B-25768,20180901,156,7,2,6,6,1582.0,-443.0
B-25769,20180902,157,6,2,19,2,355.0,-4.0
B-25770,20180902,108,1,1,20,3,375.0,180.0
B-25770,20180902,108,1,1,20,2,299.0,113.0
B-25770,20180902,108,8,1,20,12,287.0,-280.0
B-25770,20180902,108,16,1,20,1,110.0,35.0
B-25771,20180902,158,3,2,9,3,148.0,59.0
B-25772,20180902,159,14,3,10,4,1183.0,106.0
B-25773,20180906,75,8,1,11,3,248.0,-70.0
B-25773,20180906,75,6,2,11,4,85.0,-9.0
B-25773,20180906,75,6,2,11,2,24.0,-14.0
B-25773,20180906,75,4,3,11,2,209.0,-21.0
B-25773,20180906,75,8,1,11,3,224.0,-143.0
B-25774,20180907,160,16,1,12,2,38.0,-6.0
B-25775,20180908,161,2,2,13,2,50.0,-17.0
B-25776,20180909,162,9,2,19,2,47.0,-20.0
B-25777,20180910,163,15,3,20,4,61.0,-25.0
B-25777,20180910,163,9,2,20,4,69.0,-67.0
B-25777,20180910,163,10,2,20,7,59.0,-46.0
B-25777,20180910,163,9,2,20,6,117.0,17.0
B-25777,20180910,163,14,3,20,4,1076.0,-38.0
B-25778,20180911,113,14,3,19,6,1506.0,-266.0
B-25778,20180911,113,6,2,19,6,109.0,-6.0
B-25778,20180911,113,6,2,19,5,933.0,166.0
B-25778,20180911,113,4,3,19,4,724.0,-447.0
B-25779,20180912,164,13,1,20,3,1361.0,-980.0
B-25780,20180913,165,5,3,18,3,137.0,-41.0
B-25781,20180914,166,3,2,1,8,60.0,-49.0
B-25781,20180914,166,10,2,1,2,30.0,-25.0
B-25781,20180914,166,7,2,1,5,767.0,-353.0
B-25781,20180914,166,2,2,1,2,45.0,-28.0
B-25781,20180914,166,9,2,1,4,25.0,-1.0
B-25781,20180914,166,14,3,1,7,584.0,-444.0
B-25782,20180915,80,8,1,19,7,335.0,-22.0
B-25783,20180915,167,2,2,20,1,25.0,-11.0
B-25783,20180915,167,3,2,20,2,30.0,-6.0
B-25783,20180915,167,12,2,20,6,33.0,-10.0
B-25783,20180915,167,11,2,20,3,21.0,-17.0
B-25783,20180915,167,3,2,20,2,26.0,2.0
B-25784,20180915,168,3,2,4,1,15.0,4.0
B-25785,20180915,132,6,2,5,3,595.0,292.0
B-25785,20180915,132,10,2,5,2,45.0,0.0
B-25785,20180915,132,6,2,5,3,192.0,-146.0
B-25785,20180915,132,6,2,5,3,26.0,-25.0
B-25786,20180919,169,1,1,6,5,1854.0,433.0
B-25786,20180919,169,13,1,6,3,623.0,-192.0
B-25786,20180919,169,2,2,6,3,44.0,-34.0
B-25786,20180919,169,17,2,6,3,17.0,-11.0
B-25787,20180920,170,6,2,7,7,556.0,-209.0
B-25787,20180920,170,11,2,7,3,40.0,-12.0
B-25787,20180920,170,15,3,7,8,229.0,-41.0
B-25787,20180920,170,16,1,7,4,140.0,-58.0
B-25788,20180921,171,2,2,8,1,12.0,3.0
B-25789,20180922,146,9,2,9,1,30.0,0.0
B-25789,20180922,146,1,1,9,5,313.0,-13.0
B-25789,20180922,146,16,1,9,9,67.0,-86.0
B-25790,20180923,172,4,3,10,1,42.0,-3.0
B-25791,20180924,173,6,2,11,2,253.0,-63.0
B-25791,20180924,173,6,2,11,7,565.0,66.0
B-25791,20180924,173,6,2,11,3,175.0,77.0
B-25792,20180924,169,2,2,19,3,74.0,-25.0
B-25793,20180924,174,3,2,20,5,40.0,-33.0
B-25793,20180924,174,9,2,20,6,63.0,-24.0
B-25793,20180924,174,3,2,20,4,60.0,-12.0
B-25793,20180924,174,6,2,20,4,257.0,-252.0
B-25793,20180924,174,17,2,20,4,24.0,-1.0
B-25793,20180924,174,3,2,20,3,18.0,1.0
B-25793,20180924,174,6,2,20,11,1402.0,109.0
B-25794,20180924,48,15,3,14,6,176.0,37.0
B-25795,20180924,175,5,3,15,2,276.0,-21.0
B-25796,20180924,176,6,2,19,1,37.0,-6.0
B-25796,20180924,176,15,3,19,1,28.0,1.0
B-25796,20180924,176,8,1,19,5,239.0,-162.0
B-25796,20180924,176,2,2,19,7,78.0,-64.0
B-25796,20180924,176,6,2,19,6,632.0,-316.0
B-25796,20180924,176,7,2,19,2,559.0,-19.0
B-25796,20180924,176,6,2,19,3,148.0,0.0
B-25797,20180930,177,15,3,20,4,976.0,293.0
B-25797,20180930,177,1,1,20,2,148.0,-101.0
B-25797,20180930,177,8,1,20,9,413.0,-314.0
B-25797,20180930,177,6,2,20,5,89.0,-4.0
B-25797,20180930,177,13,1,20,5,1630.0,-802.0
B-25797,20180930,177,3,2,20,2,31.0,1.0
B-25798,20181001,178,6,2,18,2,379.0,63.0
B-25798,20181001,178,14,3,18,2,448.0,148.0
B-25798,20181001,178,1,1,18,13,2830.0,-1981.0
B-25798,20181001,178,2,2,18,2,47.0,-3.0
B-25798,20181001,178,2,2,18,3,38.0,-13.0
B-25798,20181001,178,3,2,18,4,61.0,-50.0
B-25799,20181001,179,6,2,1,3,205.0,-119.0
B-25799,20181001,179,6,2,1,4,47.0,-27.0
B-25799,20181001,179,8,1,1,2,45.0,-15.0
B-25799,20181001,179,2,2,1,5,70.0,-64.0
B-25800,20181001,180,15,3,2,9,122.0,-66.0
B-25800,20181001,180,12,2,2,3,21.0,-6.0
B-25800,20181001,180,3,2,2,7,45.0,12.0
B-25801,20181001,181,6,2,3,4,64.0,6.0
B-25801,20181001,181,2,2,3,2,49.0,-31.0
B-25801,20181001,181,12,2,3,4,21.0,-10.0
B-25801,20181001,181,10,2,3,1,15.0,-2.0
B-25802,20181005,182,6,2,19,5,27.0,-7.0
B-25802,20181005,182,15,3,19,11,633.0,-633.0
B-25802,20181005,182,17,2,19,2,13.0,-9.0
B-25802,20181005,182,11,2,19,1,23.0,-3.0
B-25802,20181005,182,2,2,19,2,95.0,5.0
B-25803,20181005,183,7,2,20,3,106.0,12.0
B-25803,20181005,183,4,3,20,1,269.0,91.0
B-25803,20181005,183,7,2,20,1,536.0,91.0
B-25803,20181005,183,11,2,20,5,137.0,5.0
B-25803,20181005,183,14,3,20,2,757.0,371.0
B-25803,20181005,183,8,1,20,3,511.0,194.0
B-25803,20181005,183,2,2,20,4,185.0,48.0
B-25803,20181005,183,6,2,20,6,765.0,8.0
B-25804,20181005,184,10,2,6,5,156.0,36.0
B-25804,20181005,184,14,3,6,3,321.0,26.0
B-25805,20181005,185,8,1,19,2,112.0,15.0
B-25806,20181006,186,13,1,20,4,632.0,-114.0
B-25807,20181007,187,2,2,9,1,16.0,6.0
B-25808,20181008,188,12,2,10,6,63.0,17.0
B-25808,20181008,188,4,3,10,3,146.0,-63.0
B-25808,20181008,188,2,2,10,2,59.0,21.0
B-25808,20181008,188,3,2,10,4,210.0,50.0
B-25809,20181009,189,3,2,11,3,154.0,54.0
B-25809,20181009,189,3,2,11,1,53.0,24.0
B-25810,20181010,190,3,2,12,4,26.0,10.0
B-25810,20181010,190,6,2,12,6,1120.0,199.0
B-25810,20181010,190,11,2,12,3,45.0,6.0
B-25810,20181010,190,15,3,12,3,307.0,74.0
B-25810,20181010,190,2,2,12,2,92.0,42.0
B-25810,20181010,190,3,2,12,5,29.0,8.0
B-25811,20181010,191,3,2,19,4,126.0,52.0
B-25812,20181010,192,3,2,20,5,259.0,47.0
B-25813,20181010,193,8,1,19,7,911.0,202.0
B-25814,20181010,194,10,2,20,7,118.0,35.0
B-25814,20181010,194,6,2,20,4,462.0,169.0
B-25815,20181010,141,2,2,17,2,35.0,14.0
B-25816,20181012,195,2,2,18,8,391.0,113.0
B-25817,20181013,196,14,3,19,5,743.0,89.0
B-25818,20181014,197,3,2,20,9,75.0,28.0
B-25818,20181014,197,9,2,20,4,36.0,0.0
B-25818,20181014,197,12,2,20,2,32.0,11.0
B-25818,20181014,197,16,1,20,2,94.0,20.0
B-25818,20181014,197,3,2,20,4,28.0,14.0
B-25819,20181015,198,4,3,3,3,417.0,49.0
B-25820,20181016,199,8,1,4,1,119.0,1.0
B-25821,20181016,42,2,2,5,4,60.0,21.0
B-25821,20181016,42,3,2,5,1,17.0,0.0
B-25821,20181016,42,15,3,5,3,125.0,0.0
B-25822,20181018,200,6,2,6,2,34.0,13.0
B-25823,20181018,201,4,3,19,8,2103.0,322.0
B-25823,20181018,201,16,1,19,2,104.0,2.0
B-25823,20181018,201,15,3,19,1,59.0,6.0
B-25823,20181018,201,16,1,19,2,103.0,50.0
B-25824,20181020,202,16,1,20,2,101.0,38.0
B-25825,20181021,139,5,3,20,5,911.0,355.0
B-25825,20181021,139,2,2,20,6,115.0,25.0
B-25825,20181021,139,6,2,20,5,140.0,6.0
B-25826,20181022,203,14,3,19,2,637.0,261.0
B-25827,20181023,84,8,1,20,3,156.0,21.0
B-25828,20181024,204,6,2,12,3,537.0,107.0
B-25828,20181024,204,12,2,12,1,15.0,2.0
B-25828,20181024,204,6,2,12,3,128.0,-3.0
B-25828,20181024,204,6,2,12,5,222.0,35.0
B-25829,20181025,205,3,2,13,7,345.0,38.0
B-25830,20181026,206,3,2,14,6,41.0,11.0
B-25830,20181026,206,6,2,14,2,54.0,1.0
B-25830,20181026,206,17,2,14,8,71.0,0.0
B-25830,20181026,206,15,3,14,2,93.0,15.0
B-25830,20181026,206,5,3,14,7,1063.0,64.0
B-25830,20181026,206,5,3,14,3,1954.0,782.0
B-25831,20181027,74,6,2,15,6,693.0,254.0
B-25832,20181028,207,1,1,19,3,504.0,116.0
B-25833,20181029,208,3,2,20,5,64.0,27.0
B-25833,20181029,208,3,2,20,9,36.0,4.0
B-25833,20181029,208,2,2,20,3,45.0,16.0
B-25834,20181029,209,2,2,18,1,16.0,5.0
B-25835,20181029,210,12,2,1,5,52.0,11.0
B-25835,20181029,210,12,2,1,2,27.0,2.0
B-25835,20181029,210,2,2,1,3,155.0,26.0
B-25836,20181029,211,14,3,2,9,1298.0,65.0
B-25837,20181029,212,2,2,19,5,263.0,50.0
B-25838,20181029,159,3,2,20,5,70.0,26.0
B-25838,20181029,159,3,2,20,7,81.0,19.0
B-25838,20181029,159,14,3,20,3,955.0,305.0
B-25838,20181029,159,2,2,20,3,161.0,40.0
B-25839,20181030,213,6,2,5,7,1250.0,486.0
B-25840,20181031,214,1,1,6,2,246.0,61.0
B-25840,20181031,214,1,1,6,2,298.0,74.0
B-25840,20181031,214,6,2,6,6,262.0,64.0
B-25841,20181101,215,17,2,19,2,22.0,11.0
B-25842,20181102,84,14,3,20,8,1543.0,370.0
B-25843,20181103,216,17,2,19,6,50.0,7.0
B-25843,20181103,216,15,3,19,3,214.0,30.0
B-25843,20181103,216,3,2,19,5,255.0,74.0
B-25843,20181103,216,3,2,19,3,18.0,6.0
B-25843,20181103,216,2,2,19,2,45.0,0.0
B-25844,20181103,217,6,2,20,2,86.0,8.0
B-25845,20181103,218,5,3,11,4,274.0,-7.0
B-25845,20181103,218,9,2,11,4,82.0,33.0
B-25845,20181103,218,14,3,11,2,757.0,371.0
B-25845,20181103,218,2,2,11,5,132.0,54.0
B-25846,20181103,219,12,2,12,7,94.0,7.0
B-25847,20181103,220,14,3,13,2,643.0,225.0
B-25847,20181103,220,16,1,13,10,264.0,71.0
B-25848,20181103,201,16,1,14,3,147.0,21.0
B-25848,20181103,201,3,2,14,2,16.0,8.0
B-25848,20181103,201,4,3,14,6,648.0,50.0
B-25849,20181104,221,5,3,15,3,336.0,123.0
B-25850,20181105,169,10,2,16,3,45.0,1.0
B-25850,20181105,169,3,2,16,2,93.0,-1.0
B-25850,20181105,169,12,2,16,5,52.0,18.0
B-25850,20181105,169,2,2,16,3,148.0,24.0
B-25850,20181105,169,3,2,16,4,24.0,1.0
B-25850,20181105,169,15,3,16,2,513.0,215.0
B-25850,20181105,169,7,2,16,2,117.0,36.0
B-25850,20181105,169,5,3,16,11,916.0,192.0
B-25850,20181105,169,6,2,16,4,485.0,199.0
B-25851,20181106,222,3,2,17,2,10.0,2.0
B-25851,20181106,222,14,3,17,2,300.0,42.0
B-25851,20181106,222,10,2,17,2,57.0,27.0
B-25851,20181106,222,6,2,17,2,103.0,46.0
B-25851,20181106,222,1,1,17,3,336.0,71.0
B-25851,20181106,222,3,2,17,6,53.0,24.0
B-25851,20181106,222,10,2,17,5,90.0,29.0
B-25851,20181106,222,6,2,17,3,62.0,1.0
B-25851,20181106,222,9,2,17,5,135.0,54.0
B-25851,20181106,222,10,2,17,9,237.0,47.0
B-25852,20181107,223,14,3,18,1,320.0,144.0
B-25852,20181107,223,3,2,18,2,24.0,1.0
B-25852,20181107,223,3,2,18,4,45.0,12.0
B-25852,20181107,223,2,2,18,2,97.0,17.0
B-25852,20181107,223,2,2,18,1,50.0,16.0
B-25852,20181107,223,13,1,18,4,869.0,67.0
B-25852,20181107,223,9,2,18,5,105.0,33.0
B-25853,20181108,224,17,2,1,6,39.0,16.0
B-25853,20181108,224,3,2,1,3,30.0,14.0
B-25853,20181108,224,3,2,1,2,26.0,11.0
B-25853,20181108,224,6,2,1,2,19.0,6.0
B-25853,20181108,224,14,3,1,3,579.0,139.0
B-25853,20181108,224,8,1,1,5,2093.0,721.0
B-25853,20181108,224,16,1,1,4,95.0,11.0
B-25853,20181108,224,6,2,1,3,128.0,4.0
B-25853,20181108,224,2,2,1,4,199.0,48.0
B-25854,20181108,131,2,2,2,6,149.0,48.0
B-25854,20181108,131,3,2,2,9,436.0,131.0
B-25854,20181108,131,3,2,2,3,76.0,19.0
B-25854,20181108,131,2,2,2,4,88.0,16.0
B-25854,20181108,131,16,1,2,7,342.0,154.0
B-25854,20181108,131,3,2,2,3,40.0,16.0
B-25854,20181108,131,6,2,2,3,53.0,-2.0
B-25854,20181108,131,6,2,2,2,381.0,144.0
B-25855,20181108,225,14,3,3,4,829.0,19.0
B-25855,20181108,225,4,3,3,2,442.0,31.0
B-25855,20181108,225,3,2,3,3,90.0,17.0
B-25855,20181108,225,3,2,3,2,98.0,12.0
B-25855,20181108,225,3,2,3,2,61.0,30.0
B-25855,20181108,225,6,2,3,8,1027.0,441.0
B-25855,20181108,225,14,3,3,5,1319.0,567.0
B-25855,20181108,225,1,1,3,1,197.0,73.0
B-25855,20181108,225,16,1,3,5,550.0,242.0
B-25856,20181110,225,2,2,19,3,74.0,29.0
B-25856,20181110,225,17,2,19,2,10.0,2.0
B-25856,20181110,225,6,2,19,5,689.0,90.0
B-25856,20181110,225,6,2,19,2,257.0,3.0
B-25856,20181110,225,6,2,19,1,48.0,6.0
B-25857,20181110,226,15,3,20,8,324.0,39.0
B-25857,20181110,226,1,1,20,4,598.0,166.0
B-25857,20181110,226,16,1,20,2,227.0,59.0
B-25858,20181113,194,3,2,19,3,22.0,8.0
B-25858,20181113,194,17,2,19,4,29.0,11.0
B-25858,20181113,194,17,2,19,2,27.0,5.0
B-25858,20181113,194,11,2,19,2,82.0,13.0
B-25858,20181113,194,15,3,19,7,294.0,109.0
B-25858,20181113,194,6,2,19,1,16.0,0.0
B-25858,20181113,194,6,2,19,2,245.0,30.0
B-25858,20181113,194,1,1,19,2,223.0,27.0
B-25858,20181113,194,4,3,19,11,2457.0,665.0
B-25859,20181114,227,1,1,20,2,724.0,253.0
B-25860,20181115,146,9,2,8,3,112.0,24.0
B-25861,20181115,228,6,2,9,3,128.0,4.0
B-25861,20181115,228,2,2,9,2,50.0,3.0
B-25861,20181115,228,3,2,9,5,62.0,6.0
B-25861,20181115,228,3,2,9,3,44.0,14.0
B-25861,20181115,228,3,2,9,2,56.0,18.0
B-25861,20181115,228,4,3,9,3,216.0,-83.0
B-25862,20181115,229,1,1,10,5,2061.0,701.0
B-25862,20181115,229,2,2,10,4,121.0,41.0
B-25862,20181115,229,2,2,10,3,80.0,3.0
B-25863,20181115,230,2,2,11,7,189.0,87.0
B-25864,20181115,231,2,2,19,4,100.0,6.0
B-25864,20181115,231,3,2,19,1,17.0,5.0
B-25864,20181115,231,12,2,19,2,22.0,8.0
B-25864,20181115,231,3,2,19,2,27.0,9.0
B-25865,20181115,232,6,2,20,3,85.0,-1.0
B-25866,20181116,233,2,2,14,2,51.0,14.0
B-25867,20181117,185,2,2,15,3,31.0,14.0
B-25867,20181117,185,9,2,15,6,240.0,12.0
B-25867,20181117,185,11,2,15,4,163.0,26.0
B-25868,20181118,234,15,3,16,2,170.0,73.0
B-25868,20181118,234,5,3,16,1,62.0,-1.0
B-25868,20181118,234,13,1,16,2,1118.0,206.0
B-25869,20181119,235,6,2,17,3,86.0,9.0
B-25870,20181120,128,9,2,18,1,10.0,4.0
B-25870,20181120,128,6,2,18,7,845.0,84.0
B-25870,20181120,128,16,1,18,3,57.0,7.0
B-25870,20181120,128,3,2,18,9,473.0,113.0
B-25871,20181121,236,3,2,21,4,118.0,25.0
B-25872,20181122,237,11,2,19,2,57.0,27.0
B-25873,20181123,238,2,2,20,3,66.0,12.0
B-25873,20181123,238,4,3,20,3,367.0,73.0
B-25873,20181123,238,3,2,20,1,7.0,1.0
B-25873,20181123,238,5,3,20,2,1275.0,357.0
B-25873,20181123,238,9,2,20,2,42.0,12.0
B-25874,20181124,107,10,2,22,5,124.0,54.0
B-25875,20181124,239,6,2,23,2,248.0,8.0
B-25876,20181124,240,7,2,24,4,282.0,14.0
B-25877,20181124,241,7,2,21,2,1137.0,568.0
B-25877,20181124,241,8,1,21,5,269.0,33.0
B-25877,20181124,241,17,2,21,2,24.0,8.0
B-25878,20181124,242,16,1,19,3,165.0,46.0
B-25878,20181124,242,12,2,19,4,46.0,0.0
B-25878,20181124,242,10,2,19,3,84.0,41.0
B-25878,20181124,242,2,2,19,5,140.0,15.0
B-25878,20181124,242,1,1,19,5,741.0,267.0
B-25878,20181124,242,8,1,19,6,719.0,303.0
B-25879,20181124,174,9,2,20,2,57.0,28.0
B-25880,20181124,243,2,2,22,2,108.0,37.0
B-25881,20181125,28,3,2,23,3,37.0,3.0
B-25881,20181125,28,12,2,23,2,26.0,9.0
B-25881,20181125,28,4,3,23,6,1351.0,111.0
B-25881,20181125,28,7,2,23,4,2244.0,247.0
B-25881,20181125,28,12,2,23,3,36.0,7.0
B-25881,20181125,28,8,1,23,5,2115.0,23.0
B-25882,20181126,244,2,2,24,4,121.0,19.0
B-25883,20181127,245,3,2,21,5,146.0,42.0
B-25883,20181127,245,12,2,21,8,105.0,26.0
B-25883,20181127,245,16,1,21,3,127.0,29.0
B-25883,20181127,245,3,2,21,4,16.0,-15.0
B-25883,20181127,245,12,2,21,2,10.0,-2.0
B-25884,20181128,246,3,2,19,4,24.0,2.0
B-25885,20181128,247,11,2,20,2,94.0,27.0
B-25885,20181128,247,1,1,20,2,394.0,146.0
B-25885,20181128,247,8,1,20,2,734.0,248.0
B-25885,20181128,247,2,2,20,7,349.0,0.0
B-25886,20181128,248,2,2,22,2,89.0,17.0
B-25886,20181128,248,5,3,22,4,502.0,84.0
B-25886,20181128,248,10,2,22,4,63.0,1.0
B-25886,20181128,248,11,2,22,3,107.0,37.0
B-25887,20181201,249,11,2,23,6,83.0,6.0
B-25887,20181201,249,14,3,23,6,2125.0,234.0
B-25888,20181202,201,3,2,24,3,18.0,2.0
B-25888,20181202,201,5,3,24,3,223.0,4.0
B-25888,20181202,201,4,3,24,3,646.0,213.0
B-25889,20181203,169,9,2,21,1,31.0,10.0
B-25889,20181203,169,9,2,21,7,119.0,43.0
B-25889,20181203,169,10,2,21,4,114.0,11.0
B-25890,20181204,250,6,2,19,9,465.0,207.0
B-25891,20181204,104,3,2,20,2,25.0,2.0
B-25891,20181204,104,3,2,20,7,97.0,36.0
B-25891,20181204,104,2,2,20,4,121.0,41.0
B-25892,20181204,163,11,2,22,3,139.0,30.0
B-25893,20181204,251,2,2,23,7,355.0,114.0
B-25893,20181204,251,9,2,23,3,61.0,11.0
B-25893,20181204,251,6,2,23,3,149.0,15.0
B-25893,20181204,251,15,3,23,6,688.0,103.0
B-25893,20181204,251,14,3,23,3,372.0,59.0
B-25893,20181204,251,11,2,23,7,223.0,62.0
B-25893,20181204,251,2,2,23,3,83.0,12.0
B-25894,20181204,252,1,1,24,3,1246.0,62.0
B-25895,20181204,253,1,1,21,2,388.0,93.0
B-25896,20181205,137,17,2,19,3,31.0,11.0
B-25896,20181205,137,9,2,19,2,42.0,7.0
B-25896,20181205,137,10,2,19,8,190.0,68.0
B-25896,20181205,137,3,2,19,2,103.0,36.0
B-25896,20181205,137,9,2,19,6,287.0,66.0
B-25896,20181205,137,17,2,19,2,23.0,4.0
B-25896,20181205,137,16,1,19,2,79.0,-2.0
B-25897,20181206,201,2,2,20,3,43.0,5.0
B-25897,20181206,201,3,2,20,3,33.0,10.0
B-25897,20181206,201,3,2,20,5,24.0,11.0
B-25897,20181206,201,4,3,20,6,734.0,213.0
B-25898,20181207,169,12,2,22,3,33.0,13.0
B-25898,20181207,169,6,2,22,4,499.0,33.0
B-25898,20181207,169,2,2,22,3,147.0,73.0
B-25898,20181207,169,10,2,22,3,53.0,5.0
B-25898,20181207,169,4,3,22,2,171.0,2.0
B-25898,20181207,169,13,1,22,3,915.0,-99.0
B-25898,20181207,169,11,2,22,4,191.0,93.0
B-25898,20181207,169,13,1,22,2,857.0,274.0
B-25899,20181208,254,12,2,23,2,22.0,9.0
B-25899,20181208,254,17,2,23,4,28.0,6.0
B-25899,20181208,254,6,2,23,1,43.0,17.0
B-25899,20181208,254,8,1,23,2,846.0,9.0
B-25900,20181209,226,12,2,24,1,15.0,2.0
B-25900,20181209,226,10,2,24,5,140.0,68.0
B-25900,20181209,226,5,3,24,2,210.0,62.0
B-25901,20181210,255,3,2,21,3,158.0,38.0
B-25901,20181210,255,10,2,21,2,90.0,27.0
B-25901,20181210,255,16,1,21,3,159.0,2.0
B-25901,20181210,255,3,2,21,2,61.0,28.0
B-25902,20181210,256,6,2,19,7,79.0,6.0
B-25902,20181210,256,1,1,19,2,268.0,6.0
B-25902,20181210,256,15,3,19,7,802.0,120.0
B-25902,20181210,256,7,2,19,3,1700.0,85.0
B-25902,20181210,256,15,3,19,4,154.0,26.0
B-25903,20181210,257,15,3,20,8,455.0,77.0
B-25903,20181210,257,3,2,20,2,19.0,8.0
B-25903,20181210,257,12,2,20,3,25.0,11.0
B-25903,20181210,257,3,2,20,3,37.0,17.0
B-25903,20181210,257,16,1,20,2,60.0,-10.0
B-25903,20181210,257,3,2,20,4,204.0,94.0
B-25903,20181210,257,11,2,20,2,74.0,33.0
B-25903,20181210,257,5,3,20,2,336.0,57.0
B-25904,20181210,194,1,1,25,2,871.0,131.0
B-25904,20181210,194,8,1,25,2,83.0,12.0
B-25905,20181211,258,2,2,26,6,152.0,50.0
B-25906,20181211,259,2,2,25,3,78.0,27.0
B-25907,20181211,260,3,2,3,5,30.0,11.0
B-25908,20181212,261,9,2,25,5,179.0,25.0
B-25909,20181213,262,6,2,26,3,168.0,56.0
B-25909,20181213,262,15,3,26,3,108.0,22.0
B-25909,20181213,262,5,3,26,3,1622.0,248.0
B-25909,20181213,262,5,3,26,5,323.0,122.0
B-25909,20181213,262,17,2,26,2,12.0,2.0
B-25910,20181214,263,11,2,25,5,125.0,15.0
B-25910,20181214,263,7,2,25,7,685.0,7.0
B-25910,20181214,263,4,3,25,5,850.0,289.0
B-25910,20181214,263,13,1,25,5,1622.0,-624.0
B-25910,20181214,263,3,2,25,5,259.0,47.0
B-25910,20181214,263,11,2,25,2,33.0,1.0
B-25911,20181215,264,9,2,3,1,40.0,15.0
B-25912,20181216,265,10,2,25,6,102.0,11.0
B-25913,20181217,266,2,2,26,7,103.0,21.0
B-25914,20181218,267,8,1,25,3,460.0,143.0
B-25914,20181218,267,2,2,25,3,125.0,22.0
B-25915,20181219,268,4,3,24,1,277.0,3.0
B-25916,20181220,269,17,2,21,9,80.0,26.0
B-25917,20181221,34,10,2,19,2,100.0,12.0
B-25918,20181222,270,16,1,20,5,244.0,122.0
B-25919,20181223,271,10,2,22,1,28.0,4.0
B-25919,20181223,271,2,2,22,7,110.0,12.0
B-25919,20181223,271,14,3,22,2,636.0,204.0
B-25919,20181223,271,4,3,22,6,1599.0,37.0
B-25919,20181223,271,5,3,22,7,977.0,244.0
B-25920,20181224,272,10,2,23,2,100.0,7.0
B-25921,20181225,273,10,2,24,5,170.0,19.0
B-25921,20181225,273,15,3,24,2,84.0,-42.0
B-25921,20181225,273,15,3,24,5,71.0,-44.0
B-25922,20181226,274,2,2,21,2,52.0,18.0
B-25923,20181227,275,15,3,19,3,226.0,58.0
B-25923,20181227,275,14,3,19,3,484.0,28.0
B-25923,20181227,275,7,2,19,1,253.0,-11.0
B-25923,20181227,275,5,3,19,6,3873.0,891.0
B-25924,20181228,276,8,1,6,2,148.0,54.0
B-25925,20181229,60,2,2,19,1,27.0,12.0
B-25925,20181229,60,4,3,19,3,314.0,-41.0
B-25925,20181229,60,8,1,19,3,1228.0,14.0
B-25926,20181230,277,12,2,20,5,57.0,6.0
B-25927,20181231,75,4,3,9,4,200.0,7.0
B-25928,20190101,278,16,1,10,1,25.0,10.0
B-25928,20190101,278,15,3,10,3,122.0,15.0
B-25929,20190102,279,1,1,11,3,1308.0,536.0
B-25929,20190102,279,8,1,11,3,216.0,-135.0
B-25929,20190102,279,8,1,11,3,154.0,-85.0
B-25930,20190103,280,10,2,12,3,40.0,13.0
B-25930,20190103,280,4,3,12,5,351.0,-94.0
B-25930,20190103,280,1,1,12,4,595.0,119.0
B-25930,20190103,280,3,2,12,5,151.0,29.0
B-25930,20190103,280,3,2,12,2,58.0,17.0
B-25930,20190103,280,10,2,12,9,202.0,89.0
B-25931,20190104,281,8,1,19,3,73.0,-36.0
B-25932,20190104,282,16,1,20,4,71.0,-14.0
B-25933,20190104,283,2,2,19,3,81.0,-44.0
B-25933,20190104,283,6,2,19,6,412.0,-412.0
B-25933,20190104,283,6,2,19,2,207.0,-100.0
B-25934,20190104,284,6,2,20,6,105.0,33.0
B-25935,20190104,285,8,1,17,3,162.0,20.0
B-25935,20190104,285,3,2,17,3,150.0,32.0
B-25935,20190104,285,8,1,17,4,1657.0,460.0
B-25936,20190105,286,6,2,12,4,61.0,25.0
B-25937,20190105,185,1,1,13,3,1101.0,352.0
B-25938,20190105,283,16,1,14,2,61.0,1.0
B-25938,20190105,283,2,2,14,3,59.0,25.0
B-25939,20190105,287,15,3,15,2,61.0,18.0
B-25939,20190105,287,15,3,15,3,136.0,41.0
B-25939,20190105,287,4,3,15,4,469.0,33.0
B-25940,20190106,288,2,2,16,2,55.0,4.0
B-25940,20190106,288,3,2,16,2,13.0,3.0
B-25940,20190106,288,12,2,16,4,46.0,0.0
B-25941,20190107,289,11,2,17,4,177.0,41.0
B-25942,20190108,198,14,3,18,2,646.0,-23.0
B-25943,20190109,290,2,2,1,4,48.0,20.0
B-25943,20190109,290,3,2,1,4,26.0,7.0
B-25943,20190109,290,6,2,1,3,149.0,15.0
B-25943,20190109,290,15,3,1,6,1547.0,340.0
B-25943,20190109,290,3,2,1,5,137.0,38.0
B-25944,20190110,291,6,2,2,3,169.0,38.0
B-25945,20190111,292,1,1,20,2,245.0,10.0
B-25945,20190111,292,6,2,20,3,60.0,3.0
B-25945,20190111,292,11,2,20,2,63.0,14.0
B-25945,20190111,292,4,3,20,3,765.0,-36.0
B-25946,20190112,237,5,3,18,2,146.0,7.0
B-25947,20190113,293,3,2,1,6,290.0,35.0
B-25947,20190113,293,15,3,1,2,207.0,33.0
B-25948,20190113,294,16,1,2,3,152.0,23.0
B-25949,20190113,295,3,2,19,3,24.0,11.0
B-25949,20190113,295,7,2,19,2,140.0,57.0
B-25949,20190113,295,3,2,19,3,151.0,9.0
B-25950,20190113,60,12,2,20,1,13.0,4.0
B-25950,20190113,60,2,2,20,2,54.0,27.0
B-25950,20190113,60,14,3,20,2,644.0,167.0
B-25950,20190113,60,11,2,20,6,261.0,13.0
B-25950,20190113,60,14,3,20,5,1622.0,95.0
B-25950,20190113,60,16,1,20,9,190.0,19.0
B-25950,20190113,60,3,2,20,10,158.0,-29.0
B-25950,20190113,60,6,2,20,5,136.0,-33.0
B-25950,20190113,60,2,2,20,5,133.0,5.0
B-25951,20190113,296,2,2,5,2,102.0,13.0
B-25951,20190113,296,4,3,5,1,50.0,14.0
B-25951,20190113,296,3,2,5,9,111.0,11.0
B-25951,20190113,296,2,2,5,5,120.0,23.0
B-25951,20190113,296,15,3,5,1,40.0,18.0
B-25951,20190113,296,7,2,5,3,250.0,100.0
B-25951,20190113,296,2,2,5,2,89.0,29.0
B-25951,20190113,296,9,2,5,2,30.0,5.0
B-25951,20190113,296,5,3,5,2,248.0,105.0
B-25951,20190113,296,1,1,5,2,742.0,198.0
B-25952,20190113,56,3,2,20,4,14.0,0.0
B-25952,20190113,56,17,2,20,9,87.0,32.0
B-25952,20190113,56,4,3,20,4,935.0,114.0
B-25952,20190113,56,8,1,20,3,173.0,69.0
B-25952,20190113,56,7,2,20,5,352.0,18.0
B-25952,20190113,56,6,2,20,3,147.0,48.0
B-25952,20190113,56,3,2,20,3,44.0,14.0
B-25953,20190114,82,3,2,18,4,22.0,-8.0
B-25953,20190114,82,4,3,18,2,188.0,-193.0
B-25953,20190114,82,2,2,18,3,81.0,41.0
B-25953,20190114,82,3,2,18,3,44.0,2.0
B-25953,20190114,82,15,3,18,1,116.0,22.0
B-25953,20190114,82,10,2,18,4,67.0,20.0
B-25953,20190114,82,14,3,18,6,744.0,119.0
B-25953,20190114,82,1,1,18,9,1218.0,352.0
B-25953,20190114,82,2,2,18,5,87.0,36.0
B-25954,20190114,297,6,2,1,5,891.0,0.0
B-25954,20190114,297,5,3,1,1,146.0,66.0
B-25954,20190114,297,2,2,1,3,44.0,10.0
B-25954,20190114,297,12,2,1,2,27.0,0.0
B-25954,20190114,297,11,2,1,2,48.0,11.0
B-25954,20190114,297,16,1,1,4,189.0,60.0
B-25954,20190114,297,4,3,1,2,524.0,-25.0
B-25954,20190114,297,4,3,1,1,148.0,9.0
B-25955,20190116,150,15,3,2,7,1716.0,309.0
B-25955,20190116,150,17,2,2,4,45.0,8.0
B-25955,20190116,150,6,2,2,2,39.0,2.0
B-25955,20190116,150,2,2,2,5,110.0,20.0
B-25955,20190116,150,10,2,2,3,54.0,14.0
B-25955,20190116,150,14,3,2,3,954.0,95.0
B-25955,20190116,150,1,1,2,8,2927.0,146.0
B-25955,20190116,150,10,2,2,9,294.0,62.0
B-25955,20190116,150,5,3,2,5,200.0,13.0
B-25956,20190117,75,11,2,19,4,89.0,-37.0
B-25956,20190117,75,3,2,19,2,59.0,10.0
B-25956,20190117,75,3,2,19,3,33.0,10.0
B-25956,20190117,75,5,3,19,4,474.0,56.0
B-25956,20190117,75,5,3,19,2,140.0,28.0
B-25957,20190118,74,2,2,20,3,147.0,73.0
B-25957,20190118,74,6,2,20,1,16.0,2.0
B-25957,20190118,74,1,1,20,9,1157.0,-13.0
B-25958,20190118,298,3,2,5,2,105.0,25.0
B-25958,20190118,298,6,2,5,3,360.0,32.0
B-25959,20190118,299,5,3,20,2,252.0,56.0
B-25959,20190118,299,8,1,20,4,681.0,259.0
B-25959,20190118,299,9,2,20,2,32.0,2.0
B-25959,20190118,299,11,2,20,3,132.0,49.0
B-25959,20190118,299,5,3,20,8,637.0,212.0
B-25959,20190118,299,8,1,20,3,429.0,17.0
B-25959,20190118,299,3,2,20,6,82.0,24.0
B-25959,20190118,299,3,2,20,2,23.0,8.0
B-25960,20190118,75,1,1,18,2,171.0,-140.0
B-25961,20190118,157,12,2,1,5,34.0,-12.0
B-25961,20190118,157,1,1,1,3,366.0,84.0
B-25961,20190118,157,17,2,1,3,26.0,3.0
B-25961,20190118,157,14,3,1,3,446.0,53.0
B-25961,20190118,157,11,2,1,3,48.0,16.0
B-25961,20190118,157,17,2,1,3,34.0,10.0
B-25962,20190119,300,14,3,2,2,260.0,68.0
B-25962,20190119,300,4,3,2,1,312.0,62.0
B-25962,20190119,300,1,1,2,3,544.0,-152.0
B-25963,20190119,301,16,1,19,3,53.0,8.0
B-25964,20190120,302,2,2,20,4,199.0,0.0
B-25964,20190120,302,6,2,20,5,89.0,6.0
B-25964,20190120,302,4,3,20,11,1270.0,546.0
B-25964,20190120,302,8,1,20,3,346.0,108.0
B-25965,20190121,303,3,2,5,3,17.0,7.0
B-25966,20190121,150,4,3,22,6,510.0,234.0
B-25967,20190121,233,17,2,23,2,17.0,2.0
B-25967,20190121,233,16,1,23,4,119.0,-24.0
B-25967,20190121,233,6,2,23,9,229.0,59.0
B-25968,20190121,304,15,3,24,7,811.0,154.0
B-25969,20190121,305,14,3,21,2,720.0,43.0
B-25969,20190121,305,1,1,21,7,2452.0,191.0
B-25969,20190121,305,10,2,21,6,171.0,17.0
B-25970,20190122,68,14,3,19,2,203.0,84.0
B-25970,20190122,68,1,1,19,2,742.0,198.0
B-25970,20190122,68,2,2,19,4,111.0,9.0
B-25970,20190122,68,5,3,19,3,365.0,107.0
B-25971,20190122,71,1,1,20,2,244.0,83.0
B-25972,20190123,306,15,3,22,2,115.0,47.0
B-25973,20190124,307,2,2,23,12,571.0,108.0
B-25973,20190124,307,3,2,23,8,398.0,111.0
B-25973,20190124,307,11,2,23,2,79.0,39.0
B-25973,20190124,307,12,2,23,5,39.0,14.0
B-25973,20190124,307,14,3,23,13,4141.0,1698.0
B-25974,20190125,308,1,1,22,2,662.0,240.0
B-25975,20190125,56,17,2,23,3,29.0,2.0
B-25976,20190125,309,10,2,24,4,193.0,8.0
B-25977,20190127,80,2,2,21,1,27.0,1.0
B-25977,20190127,80,2,2,21,3,74.0,29.0
B-25977,20190127,80,10,2,21,4,180.0,54.0
B-25978,20190127,310,4,3,19,4,1063.0,-175.0
B-25978,20190127,310,2,2,19,7,341.0,160.0
B-25979,20190127,167,6,2,20,3,560.0,44.0
B-25979,20190127,167,11,2,20,2,57.0,27.0
B-25979,20190127,167,1,1,20,2,284.0,45.0
B-25979,20190127,167,3,2,20,2,12.0,1.0
B-25979,20190127,167,9,2,20,3,82.0,27.0
B-25980,20190127,102,9,2,22,3,22.0,11.0
B-25981,20190128,311,12,2,25,3,42.0,13.0
B-25981,20190128,311,6,2,25,3,54.0,12.0
B-25981,20190128,311,10,2,25,2,62.0,8.0
B-25981,20190128,311,1,1,25,2,245.0,91.0
B-25981,20190128,311,5,3,25,5,867.0,251.0
B-25981,20190128,311,2,2,25,3,48.0,2.0
B-25982,20190129,312,12,2,25,1,13.0,3.0
B-25983,20190130,313,6,2,25,2,230.0,5.0
B-25983,20190130,313,8,1,25,1,32.0,-12.0
B-25983,20190130,313,16,1,25,8,161.0,-229.0
B-25983,20190130,313,10,2,25,6,50.0,-4.0
B-25983,20190130,313,1,1,25,5,561.0,118.0
B-25984,20190130,267,2,2,25,6,304.0,97.0
B-25985,20190131,314,9,2,20,4,197.0,20.0
B-25985,20190131,314,11,2,20,4,108.0,26.0
B-25985,20190131,314,3,2,20,5,32.0,8.0
B-25985,20190131,314,2,2,20,4,44.0,11.0
B-25986,20190131,102,16,1,22,7,749.0,307.0
B-25986,20190131,102,12,2,22,5,71.0,4.0
B-25986,20190131,102,14,3,22,3,487.0,-23.0
B-25986,20190131,102,4,3,22,9,918.0,22.0
B-25987,20190131,315,2,2,25,6,299.0,0.0
B-25987,20190131,315,3,2,25,7,88.0,11.0
B-25988,20190131,316,17,2,25,9,79.0,24.0
B-25989,20190201,67,3,2,25,3,44.0,14.0
B-25989,20190201,67,2,2,25,1,10.0,5.0
B-25989,20190201,67,15,3,25,1,42.0,15.0
B-25989,20190201,67,1,1,25,1,330.0,81.0
B-25989,20190201,67,3,2,25,7,338.0,41.0
B-25990,20190202,317,6,2,25,3,71.0,32.0
B-25991,20190203,318,11,2,20,7,188.0,13.0
B-25991,20190203,318,8,1,20,2,90.0,30.0
B-25991,20190203,318,3,2,20,2,13.0,5.0
B-25992,20190203,224,11,2,22,3,141.0,41.0
B-25993,20190203,319,2,2,25,2,44.0,8.0
B-25993,20190203,319,14,3,25,3,610.0,208.0
B-25993,20190203,319,13,1,25,5,4363.0,305.0
B-25993,20190203,319,5,3,25,3,414.0,199.0
B-25993,20190203,319,16,1,25,7,221.0,26.0
B-25993,20190203,319,16,1,25,4,201.0,32.0
B-25993,20190203,319,14,3,25,1,173.0,86.0
B-25994,20190203,320,5,3,25,5,196.0,-7.0
B-25995,20190204,321,1,1,25,3,1314.0,342.0
B-25996,20190204,322,17,2,25,6,62.0,6.0
B-25996,20190204,322,3,2,25,2,31.0,2.0
B-25996,20190204,322,16,1,25,2,217.0,72.0
B-25996,20190204,322,11,2,25,6,286.0,140.0
B-25996,20190204,322,5,3,25,2,333.0,50.0
B-25996,20190204,322,2,2,25,2,47.0,1.0
B-25996,20190204,322,6,2,25,1,18.0,4.0
B-25997,20190204,10,3,2,20,3,16.0,6.0
B-25997,20190204,10,4,3,20,2,231.0,99.0
B-25997,20190204,10,1,1,20,7,2292.0,127.0
B-25997,20190204,10,3,2,20,1,48.0,15.0
B-25998,20190204,323,16,1,22,5,50.0,-28.0
B-25999,20190205,324,2,2,25,1,26.0,-17.0
B-25999,20190205,324,2,2,25,4,93.0,-65.0
B-25999,20190205,324,6,2,25,5,152.0,-3.0
B-25999,20190205,324,4,3,25,2,51.0,-49.0
B-25999,20190205,324,2,2,25,8,352.0,74.0
B-25999,20190205,324,5,3,25,2,129.0,11.0
B-25999,20190205,324,11,2,25,7,223.0,62.0
B-25999,20190205,324,15,3,25,3,770.0,323.0
B-25999,20190205,324,3,2,25,5,222.0,74.0
B-25999,20190205,324,6,2,25,2,215.0,-30.0
B-25999,20190205,324,16,1,25,1,109.0,40.0
B-26000,20190206,131,17,2,25,4,43.0,9.0
B-26000,20190206,131,14,3,25,3,676.0,151.0
B-26000,20190206,131,8,1,25,4,597.0,93.0
B-26001,20190207,325,3,2,25,2,13.0,0.0
B-26001,20190207,325,16,1,25,4,149.0,17.0
B-26001,20190207,325,17,2,25,2,8.0,2.0
B-26001,20190207,325,17,2,25,6,50.0,9.0
B-26002,20190208,141,2,2,25,3,80.0,22.0
B-26002,20190208,141,6,2,25,5,276.0,52.0
B-26002,20190208,141,10,2,25,3,71.0,19.0
B-26002,20190208,141,6,2,25,7,141.0,7.0
B-26002,20190208,141,6,2,25,2,113.0,28.0
B-26003,20190208,326,8,1,3,3,315.0,-8.0
B-26003,20190208,326,3,2,3,4,128.0,47.0
B-26003,20190208,326,16,1,3,6,652.0,13.0
B-26003,20190208,326,16,1,3,6,114.0,41.0
B-26003,20190208,326,10,2,3,3,79.0,16.0
B-26003,20190208,326,6,2,3,4,498.0,-116.0
B-26003,20190208,326,13,1,3,2,1745.0,122.0
B-26003,20190208,326,17,2,3,2,17.0,2.0
B-26004,20190208,327,6,2,4,3,147.0,44.0
B-26004,20190208,327,4,3,4,2,162.0,73.0
B-26005,20190208,328,2,2,5,3,87.0,10.0
B-26006,20190209,329,15,3,6,5,1301.0,573.0
B-26007,20190209,131,1,1,7,2,311.0,72.0
B-26008,20190209,330,2,2,8,1,22.0,4.0
B-26008,20190209,330,3,2,8,4,206.0,51.0
B-26008,20190209,330,12,2,8,5,57.0,24.0
B-26008,20190209,330,6,2,8,1,10.0,-1.0
B-26009,20190210,233,14,3,9,2,285.0,128.0
B-26009,20190210,233,11,2,9,9,195.0,12.0
B-26010,20190211,331,4,3,10,3,527.0,26.0
B-26010,20190211,331,2,2,10,2,29.0,3.0
B-26010,20190211,331,11,2,10,2,85.0,13.0
B-26010,20190211,331,3,2,10,3,18.0,2.0
B-26010,20190211,331,16,1,10,5,176.0,-13.0
B-26010,20190211,331,10,2,10,3,55.0,3.0
B-26011,20190212,1,2,2,1,2,93.0,44.0
B-26012,20190213,2,6,2,2,2,21.0,8.0
B-26013,20190213,3,17,2,3,3,29.0,10.0
B-26014,20190213,4,8,1,4,7,406.0,97.0
B-26014,20190213,4,8,1,4,5,278.0,39.0
B-26015,20190214,5,6,2,5,1,128.0,55.0
B-26016,20190214,6,11,2,6,3,74.0,9.0
B-26016,20190214,6,3,2,6,4,202.0,4.0
B-26016,20190214,6,4,3,6,3,429.0,61.0
B-26016,20190214,6,4,3,6,3,134.0,-13.0
B-26017,20190214,7,8,1,7,1,78.0,7.0
B-26018,20190214,8,16,1,8,3,326.0,107.0
B-26018,20190214,8,3,2,8,4,61.0,8.0
B-26019,20190215,9,10,2,9,13,585.0,175.0
B-26020,20190216,10,15,3,10,6,319.0,102.0
B-26021,20190217,11,16,1,11,7,122.0,59.0
B-26021,20190217,11,2,2,11,1,49.0,21.0
B-26021,20190217,11,3,2,11,3,21.0,-12.0
B-26022,20190218,12,5,3,12,8,1824.0,-1303.0
B-26023,20190219,13,1,1,13,10,1117.0,447.0
B-26023,20190219,13,16,1,13,3,29.0,0.0
B-26023,20190219,13,2,2,13,3,66.0,22.0
B-26023,20190219,13,2,2,13,2,59.0,21.0
B-26024,20190219,14,2,2,14,6,168.0,18.0
B-26025,20190219,15,2,2,15,3,155.0,5.0
B-26025,20190219,15,2,2,15,2,32.0,1.0
B-26025,20190219,15,3,2,15,5,41.0,19.0
B-26026,20190219,16,3,2,16,9,255.0,76.0
B-26026,20190219,16,9,2,16,3,25.0,2.0
B-26027,20190220,17,10,2,17,4,54.0,8.0
B-26028,20190220,18,11,2,18,2,77.0,36.0
B-26028,20190220,18,15,3,18,1,115.0,0.0
B-26028,20190220,18,5,3,18,2,1272.0,547.0
B-26029,20190220,19,10,2,1,1,21.0,10.0
B-26030,20190221,20,3,2,2,6,92.0,5.0
B-26030,20190221,20,17,2,2,1,11.0,5.0
B-26030,20190221,20,15,3,2,4,221.0,35.0
B-26030,20190221,20,2,2,2,5,50.0,25.0
B-26030,20190221,20,11,2,2,3,89.0,36.0
B-26030,20190221,20,14,3,2,2,291.0,93.0
B-26031,20190222,21,12,2,3,4,67.0,9.0
B-26032,20190222,22,6,2,4,5,47.0,15.0
B-26033,20190222,23,15,3,5,3,774.0,170.0
B-26033,20190222,23,1,1,5,1,143.0,32.0
B-26033,20190222,23,11,2,5,5,111.0,35.0
B-26034,20190223,24,15,3,6,5,425.0,183.0
B-26035,20190223,25,6,2,7,11,291.0,119.0
B-26035,20190223,25,5,3,7,3,520.0,151.0
B-26035,20190223,25,4,3,7,3,369.0,15.0
B-26036,20190223,26,16,1,19,7,341.0,44.0
B-26037,20190223,27,2,2,20,7,171.0,68.0
B-26038,20190224,28,10,2,10,2,41.0,19.0
B-26038,20190224,28,11,2,10,3,130.0,61.0
B-26038,20190224,28,2,2,10,2,52.0,14.0
B-26038,20190224,28,10,2,10,1,30.0,6.0
B-26039,20190225,29,11,2,11,5,83.0,34.0
B-26040,20190226,30,2,2,12,2,38.0,9.0
B-26040,20190226,30,3,2,12,4,113.0,24.0
B-26040,20190226,30,7,2,12,3,833.0,93.0
B-26041,20190227,31,16,1,13,5,176.0,-28.0
B-26042,20190228,32,2,2,14,3,36.0,15.0
B-26043,20190301,33,2,2,15,4,185.0,48.0
B-26043,20190301,33,3,2,15,5,62.0,28.0
B-26043,20190301,33,3,2,15,6,79.0,5.0
B-26043,20190301,33,17,2,15,3,30.0,12.0
B-26043,20190301,33,2,2,15,7,122.0,50.0
B-26044,20190302,34,17,2,16,3,28.0,10.0
B-26045,20190303,35,16,1,17,6,302.0,75.0
B-26045,20190303,35,2,2,17,7,376.0,0.0
B-26045,20190303,35,6,2,17,1,179.0,77.0
B-26045,20190303,35,2,2,17,1,27.0,5.0
B-26046,20190304,36,3,2,19,8,32.0,3.0
B-26047,20190304,37,17,2,20,5,55.0,12.0
B-26048,20190304,38,15,3,2,2,163.0,81.0
B-26048,20190304,38,8,1,2,6,401.0,13.0
B-26048,20190304,38,13,1,2,5,1461.0,202.0
B-26048,20190304,38,7,2,2,4,1104.0,209.0
B-26049,20190305,39,3,2,3,2,100.0,28.0
B-26050,20190306,40,10,2,4,7,325.0,32.0
B-26050,20190306,40,6,2,4,4,169.0,55.0
B-26050,20190306,40,5,3,4,4,487.0,143.0
B-26050,20190306,40,15,3,4,2,166.0,27.0
B-26050,20190306,40,6,2,4,3,79.0,32.0
B-26050,20190306,40,11,2,4,3,32.0,6.0
B-26050,20190306,40,2,2,4,2,38.0,9.0
B-26050,20190306,40,3,2,4,6,284.0,44.0
B-26050,20190306,40,14,3,4,2,382.0,92.0
B-26051,20190307,41,10,2,5,6,184.0,85.0
B-26051,20190307,41,1,1,5,5,676.0,195.0
B-26051,20190307,41,1,1,5,5,669.0,74.0
B-26051,20190307,41,2,2,5,3,80.0,22.0
B-26051,20190307,41,2,2,5,4,216.0,50.0
B-26051,20190307,41,3,2,5,10,85.0,24.0
B-26051,20190307,41,6,2,5,2,382.0,119.0
B-26051,20190307,41,15,3,5,2,490.0,88.0
B-26051,20190307,41,14,3,5,7,1337.0,147.0
B-26051,20190307,41,4,3,5,5,600.0,102.0
B-26052,20190308,42,9,2,6,6,78.0,28.0
B-26052,20190308,42,10,2,6,4,101.0,16.0
B-26052,20190308,42,6,2,6,3,145.0,0.0
B-26052,20190308,42,9,2,6,4,148.0,23.0
B-26052,20190308,42,11,2,6,1,15.0,1.0
B-26052,20190308,42,2,2,6,2,25.0,7.0
B-26052,20190308,42,15,3,6,3,774.0,170.0
B-26053,20190309,43,17,2,7,2,17.0,1.0
B-26053,20190309,43,1,1,7,2,246.0,61.0
B-26053,20190309,43,6,2,7,7,425.0,208.0
B-26053,20190309,43,15,3,7,3,93.0,31.0
B-26053,20190309,43,1,1,7,3,594.0,89.0
B-26053,20190309,43,2,2,7,6,85.0,2.0
B-26053,20190309,43,17,2,7,3,27.0,6.0
B-26053,20190309,43,8,1,7,1,120.0,1.0
B-26053,20190309,43,2,2,7,3,162.0,55.0
B-26054,20190310,44,3,2,19,5,246.0,98.0
B-26054,20190310,44,6,2,19,2,88.0,20.0
B-26054,20190310,44,11,2,19,2,88.0,19.0
B-26054,20190310,44,15,3,19,3,139.0,21.0
B-26054,20190310,44,2,2,19,3,139.0,36.0
B-26054,20190310,44,2,2,19,5,138.0,11.0
B-26054,20190310,44,2,2,19,3,156.0,23.0
B-26054,20190310,44,4,3,19,2,559.0,174.0
B-26055,20190310,45,2,2,20,5,227.0,48.0
B-26055,20190310,45,8,1,20,14,5729.0,64.0
B-26055,20190310,45,10,2,20,2,94.0,27.0
B-26055,20190310,45,11,2,20,14,213.0,4.0
B-26055,20190310,45,14,3,20,2,250.0,-12.0
B-26055,20190310,45,6,2,20,1,43.0,11.0
B-26055,20190310,45,1,1,20,8,1218.0,420.0
B-26055,20190310,45,5,3,20,9,671.0,114.0
B-26055,20190310,45,11,2,20,2,57.0,7.0
B-26056,20190310,46,2,2,10,3,70.0,24.0
B-26056,20190310,46,3,2,10,7,47.0,20.0
B-26056,20190310,46,3,2,10,2,33.0,9.0
B-26056,20190310,46,6,2,10,2,424.0,161.0
B-26056,20190310,46,5,3,10,6,391.0,90.0
B-26056,20190310,46,3,2,10,2,15.0,6.0
B-26056,20190310,46,3,2,10,2,101.0,11.0
B-26056,20190310,46,3,2,10,2,31.0,9.0
B-26056,20190310,46,15,3,10,2,220.0,40.0
B-26056,20190310,46,1,1,10,3,213.0,-145.0
B-26056,20190310,46,9,2,10,4,19.0,-18.0
B-26056,20190310,46,3,2,10,4,206.0,18.0
B-26057,20190310,47,14,3,11,5,736.0,346.0
B-26057,20190310,47,10,2,11,4,54.0,8.0
B-26057,20190310,47,1,1,11,2,659.0,-37.0
B-26057,20190310,47,7,2,11,3,224.0,87.0
B-26058,20190311,48,3,2,12,7,212.0,97.0
B-26059,20190312,49,10,2,13,1,20.0,6.0
B-26060,20190313,50,6,2,19,3,382.0,68.0
B-26061,20190314,51,15,3,20,2,508.0,203.0
B-26061,20190314,51,14,3,20,3,965.0,-68.0
B-26061,20190314,51,14,3,20,1,206.0,12.0
B-26061,20190314,51,6,2,20,5,642.0,180.0
B-26061,20190314,51,2,2,20,2,109.0,52.0
B-26061,20190314,51,10,2,20,2,27.0,8.0
B-26062,20190315,52,2,2,16,3,44.0,-40.0
B-26062,20190315,52,2,2,16,2,50.0,-17.0
B-26062,20190315,52,2,2,16,1,13.0,-2.0
B-26063,20190315,53,4,3,17,4,241.0,-77.0
B-26064,20190316,332,12,2,19,5,75.0,2.0
B-26064,20190316,332,3,2,19,4,61.0,3.0
B-26064,20190316,332,10,2,19,6,122.0,38.0
B-26064,20190316,332,6,2,19,2,22.0,0.0
B-26065,20190316,55,2,2,20,5,146.0,19.0
B-26066,20190316,56,6,2,2,2,86.0,22.0
B-26067,20190316,57,1,1,3,4,618.0,27.0
B-26067,20190316,57,3,2,3,4,53.0,2.0
B-26067,20190316,57,6,2,3,6,1120.0,199.0
B-26067,20190316,57,14,3,3,7,1137.0,-14.0
B-26067,20190316,57,10,2,3,4,67.0,2.0
B-26068,20190316,58,15,3,4,5,193.0,33.0
B-26069,20190317,59,9,2,5,2,55.0,18.0
B-26070,20190318,60,11,2,6,4,54.0,12.0
B-26070,20190318,60,16,1,6,5,582.0,262.0
B-26070,20190318,60,7,2,6,1,75.0,29.0
B-26070,20190318,60,3,2,6,2,14.0,7.0
B-26071,20190319,61,3,2,7,3,21.0,4.0
B-26072,20190320,62,4,3,19,3,313.0,44.0
B-26073,20190321,63,3,2,20,3,37.0,17.0
B-26073,20190321,63,2,2,20,9,290.0,110.0
B-26073,20190321,63,3,2,20,4,122.0,11.0
B-26073,20190321,63,6,2,20,3,29.0,9.0
B-26073,20190321,63,14,3,20,4,1514.0,742.0
B-26074,20190321,1,12,2,1,4,57.0,21.0
B-26075,20190321,2,2,2,2,2,34.0,12.0
B-26076,20190321,3,2,2,3,2,91.0,22.0
B-26076,20190321,3,11,2,3,5,133.0,46.0
B-26076,20190321,3,10,2,3,2,60.0,13.0
B-26076,20190321,3,6,2,3,2,19.0,4.0
B-26076,20190321,3,1,1,3,4,450.0,190.0
B-26077,20190322,4,3,2,4,7,62.0,11.0
B-26078,20190322,5,17,2,5,2,17.0,8.0
B-26078,20190322,5,10,2,5,2,44.0,20.0
B-26078,20190322,5,4,3,5,2,557.0,111.0
B-26078,20190322,5,2,2,5,3,137.0,63.0
B-26079,20190322,6,3,2,6,2,18.0,3.0
B-26080,20190322,7,10,2,7,6,109.0,35.0
B-26081,20190322,8,1,1,8,5,359.0,-338.0
B-26081,20190322,8,6,2,8,3,93.0,-84.0
B-26081,20190322,8,15,3,8,3,169.0,0.0
B-26081,20190322,8,2,2,8,4,79.0,33.0
B-26081,20190322,8,3,2,8,3,24.0,11.0
B-26081,20190322,8,6,2,8,5,637.0,50.0
B-26082,20190323,9,2,2,9,2,95.0,5.0
B-26083,20190324,10,12,2,10,3,43.0,8.0
B-26083,20190324,10,10,2,10,3,145.0,16.0
B-26083,20190324,10,6,2,10,3,34.0,3.0
B-26083,20190324,10,15,3,10,2,143.0,6.0
B-26083,20190324,10,15,3,10,1,45.0,17.0
B-26084,20190325,11,4,3,11,4,209.0,-63.0
B-26085,20190326,12,6,2,12,2,86.0,22.0
B-26085,20190326,12,7,2,12,3,1487.0,624.0
B-26085,20190326,12,2,2,12,2,40.0,17.0
B-26085,20190326,12,6,2,12,3,132.0,-10.0
B-26086,20190326,13,10,2,13,2,43.0,17.0
B-26086,20190326,13,14,3,13,6,762.0,101.0
B-26086,20190326,13,3,2,13,2,25.0,2.0
B-26087,20190326,14,6,2,14,7,119.0,56.0
B-26087,20190326,14,3,2,14,3,46.0,13.0
B-26087,20190326,14,4,3,14,1,311.0,40.0
B-26087,20190326,14,2,2,14,2,40.0,10.0
B-26087,20190326,14,2,2,14,8,180.0,0.0
B-26088,20190326,15,3,2,15,2,11.0,5.0
B-26089,20190326,16,9,2,16,6,59.0,24.0
B-26089,20190326,16,3,2,16,1,27.0,4.0
B-26089,20190326,16,9,2,16,3,139.0,14.0
B-26090,20190327,17,2,2,17,3,80.0,22.0
B-26091,20190327,18,2,2,18,3,158.0,69.0
B-26091,20190327,18,3,2,18,4,29.0,10.0
B-26091,20190327,18,12,2,18,4,59.0,10.0
B-26092,20190327,19,10,2,1,2,97.0,14.0
B-26093,20190327,20,6,2,2,1,33.0,-1.0
B-26093,20190327,20,14,3,2,8,2847.0,712.0
B-26093,20190327,20,1,1,2,5,852.0,51.0
B-26093,20190327,20,15,3,2,2,492.0,187.0
B-26093,20190327,20,12,2,2,5,81.0,41.0
B-26093,20190327,20,3,2,2,4,49.0,5.0
B-26093,20190327,20,6,2,2,3,148.0,25.0
B-26094,20190327,21,2,2,3,6,152.0,50.0
B-26095,20190328,22,9,2,4,1,6.0,1.0
B-26096,20190328,23,12,2,5,3,45.0,9.0
B-26096,20190328,23,6,2,5,2,103.0,46.0
B-26096,20190328,23,11,2,5,4,140.0,56.0
B-26096,20190328,23,15,3,5,3,88.0,11.0
B-26096,20190328,23,5,3,5,3,451.0,25.0
B-26096,20190328,23,7,2,5,3,264.0,-26.0
B-26097,20190328,24,3,2,6,2,97.0,12.0
B-26097,20190328,24,3,2,6,1,14.0,5.0
B-26097,20190328,24,3,2,6,2,19.0,8.0
B-26097,20190328,24,12,2,6,2,39.0,18.0
B-26097,20190328,24,8,1,6,6,185.0,-26.0
B-26097,20190328,24,14,3,6,5,663.0,-212.0
B-26097,20190328,24,4,3,6,5,671.0,-309.0
B-26098,20190329,25,15,3,7,3,82.0,8.0
B-26098,20190329,25,8,1,7,3,497.0,179.0
B-26098,20190329,25,12,2,7,5,96.0,48.0
B-26098,20190329,25,6,2,7,3,409.0,86.0
B-26098,20190329,25,10,2,7,2,59.0,15.0
B-26098,20190329,25,17,2,7,5,46.0,14.0
B-26099,20190330,26,17,2,19,1,9.0,3.0
B-26099,20190330,26,3,2,19,4,207.0,37.0
B-26099,20190330,26,5,3,19,5,835.0,267.0
B-26099,20190330,26,7,2,19,5,2366.0,552.0
B-26100,20190331,27,8,1,20,2,828.0,230.0
B-26100,20190331,27,10,2,20,2,34.0,10.0
B-26100,20190331,27,11,2,20,2,72.0,16.0
